<?xml version="1.0" encoding="UTF-8"?>
<?xml-model href="http://www.stoa.org/epidoc/schema/latest/tei-epidoc.rng"
    schematypens="http://relaxng.org/ns/structure/1.0"?>
<?xml-model href="http://www.stoa.org/epidoc/schema/latest/tei-epidoc.rng"
    schematypens="http://purl.oclc.org/dsdl/schematron"?>
<TEI xmlns="http://www.tei-c.org/ns/1.0" xml:lang="en" xml:space="preserve">
    <teiHeader>
        <fileDesc>
            <titleStmt>
                <title xml:lang="la">De oratione dominica</title>
                <author xml:id="SP">Samuel Presbiter</author>
                <editor xml:id="AD">Andrew Dunning</editor>
            </titleStmt>
            <editionStmt>
                <edition>
                    <date>
                        2016
                    </date>
                </edition>
            </editionStmt>
            <publicationStmt>
                <authority>Scholarly Editing: The Annual of the Association for Documentary Editing</authority>
                <idno type="file">
                    deorationedominica
                </idno>
                <idno type="edition">
                    dequinqueseptenis-deorationedominica
                </idno>
                <address>
                    <addrLine>http://scholarlyediting.org</addrLine>
                </address>
                <publisher>Association for Documentary Editing</publisher>
                <publisher>University of Nebraska–Lincoln</publisher>
                <distributor>
                    <name>Center for Digital Research in the Humanities</name>
                    <address>
                        <addrLine>319 Love Library</addrLine>
                        <addrLine>University of Nebraska–Lincoln</addrLine>
                        <addrLine>Lincoln, NE 68588-4100</addrLine>
                        <addrLine>http://cdrh.unl.edu</addrLine>
                    </address>
                </distributor>
                <date>
                    2016
                </date>
                <availability>
                    <licence target="http://creativecommons.org/licenses/by-nc-sa/4.0/">Scholarly Editing: The Annual of the Association for Documentary Editing is freely distributed by the Association for Documentary Editing and the Center for Digital Research in the Humanities at the University of Nebraska-Lincoln and licensed under a Creative Commons Attribution-NonCommercial-ShareAlike 4.0 International License</licence>
                </availability>
            </publicationStmt>
            <seriesStmt>
                <title level="j">Scholarly Editing: The Annual of the Association for Documentary Editing</title>
                <respStmt>
                    <resp>editor</resp>
                    <name xml:id="ag">Amanda Gailey</name>
                </respStmt>
                <respStmt>
                    <resp>editor</resp>
                    <name xml:id="awj">Andrew Jewell</name>
                </respStmt>
                <idno type="vol">
                    37
                </idno>
                <idno type="ISSN">2167-1257</idno>
            </seriesStmt>
            <sourceDesc>
                <msDesc>
                    <msIdentifier>
                        <settlement>Cambridge</settlement>
                        <repository>Pembroke College</repository>
                        <idno>115</idno>
                    </msIdentifier>
                </msDesc>
            </sourceDesc>
        </fileDesc>
        <encodingDesc>
            <editorialDecl>
                <p>
                    A versification of Hugh of St Victor's <title>De quinque septenis</title>. References to parallel passages correspond to a documentary edition of Paris, Bibliothèque Mazarine, MS 717 (also the basis for Baron's 1969 edition). Text has been emended only where required for sense. Original spelling, punctuation, and abbreviations have been retained.
                </p>
                <normalization>
                    <p>
                        The @break attribute is editorial, and does not necessarily correspond to the word division implied by the hyphenation (encoded separately). An attempt has been made to record the exact word division in the manuscript, with added spaces indicated using <corr>reg</corr>.
                    </p>
                </normalization>
            </editorialDecl>
        </encodingDesc>
    </teiHeader>
    <text xml:lang="la">
        <body>
            <pb n="41v"/>
            <lb/><head rend="red"><hi rend="enlarged">D</hi>e oratione <expan>d<ex>omi</ex><abbr rend="supraline">n</abbr>i</expan>ca. <sic>Silicet</sic> Pater <expan>n<ex>oste</ex><abbr rend="supraline">r</abbr></expan>.</head>
            <lg n="1">
                <lb/><l xml:id="DOD-1.1"><!-- With guide for rubricator to left. --><hi rend="enlarged red trim-blue">Q</hi>uam <persName><expan><am>x</am><am rend="supraline">p</am><am>c</am><ex>cristus</ex></expan></persName> docuit oratio <num n="5">quin<expan>q<am>ꝫ</am><ex>ue</ex></expan></num> petitus<subst><del rend="alt">.</del><add place="overstrike">⸵</add></subst></l>
                <note target="#DOD-1.2">
                    <lb/><seg type="q" source="DQS#DOD-1:210va[41]–210vb[6]"><num n="7">Septem</num> <expan>s<ex>un</ex><abbr rend="supraline">t</abbr></expan> uicia capitalia siue p<expan><am>&#x365;</am><ex>ri</ex></expan>ncipalia. ex his uniu<expan><am>&#x33E;</am><ex>er</ex></expan>sa mala. 
                        <lb/>oriunt<expan><am>&#x1DD1;</am><ex>ur</ex></expan>. Hi <expan>s<ex>un</ex><abbr rend="supraline">t</abbr></expan> fontes abyssi tenebros<add place="inline">e</add> de q<expan><am>&#x365;</am><ex>ui</ex></expan><expan>b<am>ꝫ</am><ex>us</ex></expan> flumina <placeName>babilonis</placeName> 
                        <lb/>exeunt. <expan><am>⁊</am><ex>et</ex></expan> in omn<expan><abbr rend="supraline">e</abbr><ex>m</ex></expan> t<expan><am>&#x33E;</am><ex>er</ex></expan>ram deducta⸵ stillicidia iniq<expan><am>&#x365;</am><ex>ui</ex></expan>tat<expan><abbr rend="supraline">u</abbr><ex>m</ex></expan> diff<expan><abbr rend="supraline">u</abbr><ex>n</ex></expan>d<expan><abbr rend="supraline">u</abbr><ex>n</ex></expan>t.
                        <pb n="42r"/>
                        <lb/>De qui<expan>b<am>ꝫ</am><ex>us</ex></expan> flumini<expan>b<am>ꝫ</am><ex>us</ex></expan> psalmista in<reg> </reg><expan><am>ꝑ</am><ex>per</ex></expan>sona pop<expan><ex>u</ex><abbr rend="stroke">l</abbr></expan>i fidelis cecinit 
                        <lb/>dicens. <quote source="urn:cts:greekLit:tlg0527.tlg027.perseus-lat1:136.1">Su<expan><am>ꝑ</am><ex>per</ex></expan> flumina <placeName>babilonis</placeName></quote> <expan><am>⁊</am><ex>et</ex> c<am>&#x33E;</am><ex>etera</ex></expan>. <quote source="urn:cts:greekLit:tlg0527.tlg027.perseus-lat1:136.2">in<reg> </reg>sallici<expan>b<am>ꝫ</am><ex>us</ex></expan></quote> <expan><am>⁊</am><ex>et</ex> c<am>&#x33E;</am><ex>etera</ex></expan>.</seg> Hor<expan><abbr rend="supraline">u</abbr><ex>m</ex></expan> uiciorum 
                    <lb/><seg type="q" source="DQS#DOD-2:210vb[12]–210vb[16]"><num n="3">tria</num> expoliant homin<expan><abbr rend="supraline">e</abbr><ex>m</ex></expan>. <num n="4">Quartum</num>⸵ <supplied reason="omitted" source="#DQS">exspoliatum flagellat. <num n="5">quintum</num>⸵</supplied> flagellatum eicit. <num n="6">Sextum</num>⸵ 
                        <lb/>eiectum seducit. <num n="7">Septim<expan><abbr rend="supraline">u</abbr><ex>m</ex></expan></num>⸵ seductum seruituti subicit. Su<expan><am>ꝑ</am><ex>per</ex></expan><pc rend="hyphen"/>
                        <lb break="no"/>bia aufert <expan>hom<abbr rend="supraline">i</abbr><ex>ni</ex></expan> deum.</seg> <seg type="q" source="DQS#DOD-3:210vb[22]–210vb[25]">Su<expan><am>ꝑ</am><ex>per</ex></expan>bia n<expan><abbr rend="supraline">a</abbr><ex>m</ex></expan><expan>q<am>ꝫ</am><ex>ue</ex></expan> <expan><am>∻</am><ex>est</ex></expan> amor <expan><am>&#xA753;</am><ex>pro</ex></expan>p<expan><am>&#x365;</am><ex>ri</ex></expan>e excellentie. 
                        <lb/>quando mens bon<expan><abbr rend="supraline">u</abbr><ex>m</ex></expan> <expan>q<ex>uo</ex><abbr rend="stroke">d</abbr></expan> habet singularit<expan><am>&#x33E;</am><ex>er</ex></expan> diligit <expan><am>.</am>i<ex>d est</ex><am>.</am></expan> sine eo a quo 
                        <lb/>bon<expan><abbr rend="supraline">u</abbr><ex>m</ex></expan> accepit.</seg> <!-- The next sentence is paraphrasing. --><seg type="paraphrase" source="DQS#DOD-4:210vb[25]-210vb[29]">Riuulus a fonte diuisus⸵ arescit. radi<expan><am>ꝰ</am><ex>us</ex></expan> a sole illu<pc rend="hyphen"/>
                        <lb break="no"/>minante au<expan><am>&#x33E;</am><ex>er</ex></expan>sus⸵ fit tenebrosus.</seg> <seg type="q" source="DQS#DOD-5:210vb[37]–210vb[39]"><expan>Si<abbr rend="supraline">c</abbr><ex>ut</ex></expan> <expan>o<abbr rend="supraline">m</abbr><ex>n</ex>e</expan> bonum ueracit<expan><am>&#x33E;</am><ex>er</ex></expan> a deo 
                        <lb/>est⸵ ita null<expan><abbr rend="supraline">u</abbr><ex>m</ex></expan> bonum extra <expan>d<ex>eu</ex><abbr rend="supraline">m</abbr></expan> utilit<expan><am>&#x33E;</am><ex>er</ex></expan> <expan>ha<abbr rend="stroke">b</abbr><ex>er</ex><subst><del rend="expunct">e</del><add place="above">i</add></subst></expan> potest.</seg> <seg type="q" source="DQS#DOD-6:210vb[41]–211ra[7]">Q<expan><am>&#x365;</am><ex>ui</ex></expan>cum<expan>q<am>ꝫ</am><ex>ue</ex></expan> 
                        <lb/><expan><abbr rend="supraline">n</abbr><ex>on</ex></expan> nouit <expan>n<am>&#x365;</am><ex>isi</ex></expan> <expan>h<am>&#x307;</am><ex>oc</ex></expan> <expan>q<ex>uo</ex><abbr rend="stroke">d</abbr></expan> <expan>h<ex>abe</ex><abbr rend="supraline">t</abbr></expan> bonum in<reg> </reg>semet<!-- sp? --> <expan>i<abbr rend="supraline">p</abbr><ex>s</ex><subst><del rend="erased"><expan><ex>u</ex>m</expan></del><add place="overstrike">o</add></subst></expan> diligere⸵ nec<expan rend="supraline">e<ex>ss</ex>e</expan> <expan><am>∻</am><ex>est</ex></expan> ut d<expan><abbr rend="supraline">u</abbr><ex>m</ex></expan> 
                        <lb/>in<reg> </reg>alt<expan><am>&#x33E;</am><ex>er</ex></expan>o bonum <expan>q<supplied reason="omitted"><ex>uo</ex></supplied>d</expan> <expan><abbr rend="supraline">n</abbr><ex>on</ex></expan> <expan>h<ex>abe</ex><abbr rend="supraline">t</abbr></expan> aspexerit⸵ tanto amari<expan><am>ꝰ</am><ex>us</ex></expan> sua e<expan><abbr rend="supraline">u</abbr><ex>m</ex></expan> in<expan><am>ꝑ</am><ex>per</ex></expan>fectio 
                        <lb/>tor<expan><abbr rend="supraline">q</abbr><ex>ue</ex></expan>at⸵ q<expan><ex>ua</ex>n<am>&#x1DD3;</am></expan>to eum in quo <expan>o<abbr rend="supraline">m</abbr><ex>n</ex>e</expan> bon<expan><abbr rend="supraline">u</abbr><ex>m</ex></expan> <expan><am>ꝯ</am><ex>con</ex></expan>sistit <expan><abbr rend="supraline">n</abbr><ex>on</ex></expan> amat. iccirco su<expan><am>ꝑ</am><ex>per</ex></expan><pc rend="hyphen"/>
                        <lb break="no"/>biam sem<expan><am>ꝑ</am><ex>per</ex></expan> inuidia sequitur. quia <expan>q<am>&#x365;</am><ex>ui</ex></expan> illic amor<expan><abbr rend="supraline">e</abbr><ex>m</ex></expan> <expan><abbr rend="supraline">n</abbr><ex>on</ex></expan> figit ubi 
                        <lb/>omne bonum <expan><am>∻</am><ex>est</ex></expan>⸵ q<expan><ex>ua</ex>n<am>&#x1DD3;</am></expan>tum de<reg> </reg>suo <expan><am>ꝑ</am><ex>per</ex></expan>uerse extollitur⸵ tanto gra<pc rend="hyphen"/>
                        <lb break="no"/>uius de alieno bono torquetur</seg><supplied reason="omitted">.</supplied> <seg type="q" source="DQS#DOD-7:211ra[14]–211ra[20]"><del rend="strikethrough expunct">ho</del><subst><del rend="alt">mo</del><add place="overstrike">n<expan><abbr rend="supraline">o</abbr><ex>n</ex></expan></add></subst><!-- 'Nec' Baron --> a<reg> </reg>se bonum alterius 
                        <lb/>iudicaret alien<expan><abbr rend="supraline">u</abbr><ex>m</ex></expan><subst><del rend="alt">.</del><add place="overstrike">⸵</add></subst> si suum <del rend="erased">s</del>ibi diligeret<add place="inline" hand="#SP">⸵</add> ubi <expan><am>⁊</am><ex>et</ex></expan> su<expan><abbr rend="supraline">u</abbr><ex>m</ex></expan> <expan><am>⁊</am><ex>et</ex></expan> alterius 
                        <lb/>bonum sim<expan><ex>u</ex><abbr rend="stroke">l</abbr></expan> possideret. q<expan><am>&#x1DD3;</am><ex>ua</ex></expan>ntum ergo<!-- 'Nunc ergo quantum' Baron --> se <expan><am>ꝑ</am><ex>per</ex></expan><reg> </reg>elation<expan><abbr rend="supraline">e</abbr><ex>m</ex></expan> extra<!-- 'contra' Baron --> crea<pc rend="hyphen"/>
                        <lb break="no"/>torem extollit⸵ tantum <expan><am>ꝑ</am><ex>per</ex></expan><reg> </reg>liuorem sub<reg> </reg><expan><am>ꝓ</am><ex>pro</ex></expan>ximo ca<del rend="strikethrough expunct">n</del>dit. <expan><am>⁊</am><ex>et</ex></expan> q<expan><am>&#x1DD3;</am><ex>ua</ex></expan>nt<expan><abbr rend="supraline">u</abbr><ex>m</ex></expan> 
                        <lb/>ibi fallaciter erigitur⸵ tant<expan><abbr rend="supraline">u</abbr><ex>m</ex></expan> hic ueracit<expan><am>&#x33E;</am><ex>er</ex></expan> <expan><abbr rend="supraline">p</abbr><ex>re</ex></expan>cipitat<expan><am>&#x1DD1;</am><ex>ur</ex></expan>.</seg> C<expan><abbr rend="supraline">u</abbr><ex>m</ex></expan> <seg type="q" source="DQS#DOD-8:211ra[21]–211rb[10]">de su<expan><am>ꝑ</am><ex>per</ex></expan>bia 
                        <lb/>nata fuerit inuidia⸵ iram <expan>i<abbr rend="supraline">p</abbr><ex>s</ex>a</expan> de se parit. q<expan><am>&#x365;</am><ex>ui</ex></expan>a miser animus 
                        <lb/><del rend="strikethrough">p</del><expan><am>ꝑꝑ</am><ex>propter</ex></expan>ea iam sibi de sua in<expan><am>ꝑ</am><ex>per</ex></expan>fectione irascitur⸵ q<expan><am>&#x365;</am><ex>ui</ex></expan>a de<reg> </reg>bono alt<expan><am>&#x33E;</am><ex>er</ex></expan>i<expan><am>ꝰ</am><ex>us</ex></expan> 
                        <lb/><expan><am>ꝑ</am><ex>per</ex></expan> caritatem <expan><abbr rend="supraline">n</abbr><ex>on</ex></expan> letatur. at<expan>q<am>ꝫ</am><ex>ue</ex></expan> id <expan><am rend="supraline">⁊</am><ex>etiam</ex></expan> <expan>q<ex>uo</ex><abbr rend="stroke">d</abbr></expan> <expan>h<ex>abe</ex><abbr rend="supraline">t</abbr></expan> sibi displicere incipit⸵ 
                        <lb/><expan>q<ex>uonia</ex><abbr rend="supraline">m</abbr></expan> in<add place="inline"> </add>alio id <expan>q<ex>uo</ex><abbr rend="stroke">d</abbr></expan> habere <expan><abbr rend="supraline">n</abbr><ex>on</ex></expan> <expan>p<am>&#x36D;</am><ex>otest</ex></expan><del rend="expunct">t</del> agnoscit. qui <expan><ex>er</ex>g<am>&#x366;</am><ex>o</ex></expan> <expan><am>ꝑ</am><ex>per</ex></expan> caritat<expan><abbr rend="supraline">e</abbr><ex>m</ex></expan> in<add place="inline"> </add>deo 
                        <lb/>totum habere potuit⸵ id <expan><am rend="supraline">⁊</am><ex>etiam</ex></expan> <expan>q<ex>uo</ex><abbr rend="stroke">d</abbr></expan> <expan><am>ꝑ</am><ex>per</ex></expan> elationem extra <expan>d<ex>eu</ex><abbr rend="supraline">m</abbr></expan> <expan>ha<abbr rend="stroke">b</abbr><ex>er</ex>e</expan> 
                        <lb/>conatur<!-- -batur Baron -->⸵ <expan><am>ꝑ</am><ex>per</ex></expan> inuidiam <expan><am>⁊</am><ex>et</ex></expan><!-- om. Baron --> iram<add place="inline" hand="#SP">⸵</add> amittit. q<expan><am>&#x365;</am><ex>ui</ex></expan>a <expan><am>⁊</am><ex>et</ex></expan> post<expan><am>ꝙ&#x1DD3;</am><ex>quam</ex></expan> <expan><am>ꝑ</am><ex>per</ex></expan> su<expan><am>ꝑ</am><ex>per</ex></expan>bi<expan><abbr rend="supraline">a</abbr><ex>m</ex></expan> 
                        <lb/>de<expan><abbr rend="supraline">u</abbr><ex>m</ex></expan> <expan><am>ꝑ</am><ex>per</ex></expan>didit<!-- 'amittit' Baron; 'perdiderit' Inst. -->⸵ <expan><am>ꝑ</am><ex>per</ex></expan> inuidiam <expan><am>ꝑ</am><ex>per</ex></expan>dit <expan><am>ꝓ</am><ex>pro</ex></expan>xim<expan><abbr rend="supraline">u</abbr><ex>m</ex></expan>. <expan><am>ꝑ</am><ex>per</ex></expan> iram semet <expan>i<abbr rend="supraline">p</abbr><ex>su</ex>m</expan>. 
                        <lb/>quia <del rend="erased">dil</del>igit<expan><am>&#x1DD1;</am><ex>ur</ex></expan> <expan>o<abbr rend="supraline">m</abbr><ex>n</ex>ib<am>ꝫ</am><ex>us</ex></expan> amissis nichil su<expan><am>ꝑ</am><ex>per</ex></expan><surplus> </surplus>est <expan>u<abbr rend="supraline">n</abbr><ex>de</ex></expan> gaudeat in
                        <lb break="no"/>felix <expan><am>ꝯ</am><ex>con</ex></expan>scientia⸵ <expan><am>ꝑ</am><ex>per</ex></expan><reg> </reg>tristici<expan><abbr rend="supraline">a</abbr><ex>m</ex></expan> in<add place="inline"> </add>semet <expan>i<abbr rend="supraline">p</abbr><ex>s</ex>a</expan> colliditur. <expan><am>&amp;</am><ex>et</ex></expan> que de 
                        <lb/>alieno bono pie letari noluit⸵ de suo malo iuste cruciatur. 
                        <lb/>Post su<expan><am>ꝑ</am><ex>per</ex></expan>biam <expan><ex>er</ex>g<am>&#x366;</am><ex>o</ex></expan> <expan><am>⁊</am><ex>et</ex></expan> inuidiam <expan><am>⁊</am><ex>et</ex></expan> iram <expan><abbr rend="supraline">q</abbr><ex>ue</ex></expan> homin<expan><abbr rend="supraline">e</abbr><ex>m</ex></expan> spoli<expan><abbr rend="supraline">a</abbr><ex>n</ex></expan>t⸵ <expan><am>ꝯ</am><ex>con</ex></expan>tinuo 
                        <lb/>sequit<expan><am>&#x1DD1;</am><ex>ur</ex></expan> t<expan><am>&#x365;</am><ex>ri</ex></expan>sticia. <expan><abbr rend="supraline">q</abbr><ex>ue</ex></expan> nudat<expan><abbr rend="supraline">u</abbr><ex>m</ex></expan> flagellat. cui deinde succedit auari<pc rend="hyphen"/>
                        <lb break="no"/>cia. <expan><abbr rend="supraline">q</abbr><ex>ue</ex></expan> flagellatum eicit. q<expan><am>&#x365;</am><ex>ui</ex></expan>a interno gaudio amisso⸵ foris <expan><am>ꝯ</am><ex>con</ex></expan>so<pc rend="hyphen"/>
                        <lb break="no"/>lation<expan><abbr rend="supraline">e</abbr><ex>m</ex></expan> quer<add place="overstrike">ere</add><add place="inline"> </add>c<expan><abbr rend="supraline">o</abbr><ex>n</ex></expan>pell<add place="overstrike">it</add>ur.<!-- '-ur' om. Baron --> Postea accedit gula que eiect<expan><abbr rend="supraline">u</abbr><ex>m</ex></expan> 
                        <lb/>seducit. q<expan><am>&#x365;</am><ex>ui</ex></expan>a anim<expan><abbr rend="supraline">u</abbr><ex>m</ex></expan> ext<expan><am>&#x33E;</am><ex>er</ex></expan>iori<expan>b<am>ꝫ</am><ex>us</ex></expan> inhiant<expan><abbr rend="supraline">e</abbr><ex>m</ex></expan><add place="inline">⸵</add> <expan>h<am>&#x307;</am><ex>oc</ex></expan> uici<expan><abbr rend="supraline">u</abbr><ex>m</ex></expan> in<surplus> </surplus>p<expan><am>&#x365;</am><ex>ri</ex></expan>mis 
                        <lb/>quasi e uicino t<expan><abbr rend="supraline">e</abbr><ex>m</ex></expan>ptans⸵ <expan><am>ꝑ</am><ex>per</ex></expan><add place="inline"> </add><expan>i<abbr rend="supraline">p</abbr><ex>su</ex>m</expan> nat<expan><am>&#x1DD1;</am><ex>ur</ex></expan>alem appetitum ad ex<pc rend="hyphen"/>
                        <lb break="no"/><surplus>ex</surplus>cessum illicit. postremo su<expan><am>ꝑ</am><ex>per</ex></expan>uenit luxuria. que seduct<expan><abbr rend="supraline">u</abbr><ex>m</ex></expan> 
                        <lb/>uiolenter seruituti subicit. quia <expan>p<am>&#x366;</am><ex>ost</ex></expan><expan><am>ꝙ&#x1DD3;</am><ex>quam</ex></expan> caro <expan><am>ꝑ</am><ex>per</ex></expan> crapul<expan><abbr rend="supraline">a</abbr><ex>m</ex></expan> in 
                        <lb break="no"/>flamata <expan><am>∻</am><ex>est</ex></expan>⸵ ardorem libidinis su<expan><am>ꝑ</am><ex>per</ex></expan>uenient<expan><abbr rend="supraline">e</abbr><ex>m</ex></expan> emollit<expan><am>ꝰ</am><ex>us</ex></expan> at<expan>q<am>ꝫ</am><ex>ue</ex></expan> 
                        <lb/>eneruit<expan><am>&#x33E;</am><ex>er</ex></expan> resolut<expan><am>ꝰ</am><ex>us</ex></expan> anim<expan><am>ꝰ</am><ex>us</ex></expan>⸵ uinc<expan><am>&#x33E;</am><ex>er</ex></expan>e <expan><abbr rend="supraline">n</abbr><ex>on</ex></expan> potest. Seruit <expan><ex>i</ex>g<am>&#x365;</am><ex>itur</ex></expan> seuissime 
                        <lb/><expan>d<ex>omi</ex><abbr rend="supraline">n</abbr>a</expan>tioni mens turpit<expan><am>&#x33E;</am><ex>er</ex></expan> subacta. <expan><am>⁊</am><ex>et</ex></expan> <expan>n<am>&#x365;</am><ex>isi</ex></expan> exorata subueniat sal<pc rend="hyphen"/>
                        <pb n="42v" break="no"/>
                        <lb break="no"/>uatoris pietas⸵ <expan><abbr rend="supraline">n</abbr><ex>on</ex></expan> erit iam unde captiuo seruienti amissa resti<pc rend="hyphen"/>
                        <lb break="no"/>tuatur libertas.</seg> <seg type="paraphrase" source="DQS#DOD-9a:211rb[11]"><expan><add place="overstrike">S</add><ex>un</ex><abbr rend="supraline">t</abbr></expan> <expan><ex>i</ex>g<am>&#x365;</am><ex>itur</ex></expan> <num n="7">septem</num> peticiones</seg> in oratione <expan>d<ex>omi</ex><abbr rend="supraline">n</abbr>i</expan>ca <seg type="q" source="DQS#DOD-9b:211rb[11]–211rb[12]"><expan><am>ꝯ</am><ex>con</ex></expan>t<expan><am>&#x1DD3;</am><ex>ra</ex></expan> <add place="inline" hand="#SP"><num n="7">.vii.<hi rend="above">t<expan><abbr rend="supraline">e</abbr><ex>m</ex></expan></hi></num></add> 
                        <lb/>uicia.</seg> <seg type="q" source="DQS#DOD-10:211rb[21]–211rb[28]"><expan><am>Ꝑ</am><ex>Per</ex></expan> su<expan><am>ꝑ</am><ex>per</ex></expan>biam cor inflat<expan><am>&#x1DD1;</am><ex>ur</ex></expan>. <expan><am>ꝑ</am><ex>per</ex></expan> inuidi<expan><abbr rend="supraline">a</abbr><ex>m</ex></expan> arescit. <expan><am>ꝑ</am><ex>per</ex></expan> ir<expan><abbr rend="supraline">a</abbr><ex>m</ex></expan> crepat. 
                        <lb/><expan><am>ꝑ</am><ex>per</ex></expan> tristici<expan><abbr rend="supraline">a</abbr><ex>m</ex></expan> <expan><am>ꝯ</am><ex>con</ex></expan>t<expan><am>&#x33E;</am><ex>er</ex></expan>itur. <expan><am>⁊</am><ex>et</ex></expan> quasi in<reg> </reg>puluerem redigitur. <expan><am>Ꝑ</am><ex>Per</ex></expan> auarici<expan><abbr rend="supraline">a</abbr><ex>m</ex></expan><add place="inline" hand="#SP">⸵</add> 
                        <lb/>dis<expan><am>ꝑ</am><ex>per</ex></expan>gitur. <expan><am>ꝑ</am><ex>per</ex></expan> gulam inficitur. <expan><am>⁊</am><ex>et</ex></expan> quasi humectat<expan><am>&#x1DD1;</am><ex>ur</ex></expan>. <expan><am>ꝑ</am><ex>per</ex></expan> luxuri<expan><abbr rend="supraline">a</abbr><ex>m</ex></expan> 
                        <lb/><expan><am>ꝯ</am><ex>con</ex></expan>culcat<expan><am>&#x1DD1;</am><ex>ur</ex></expan>. <expan><am>⁊</am><ex>et</ex></expan> in lut<expan><abbr rend="supraline">u</abbr><ex>m</ex></expan> redigitur. ita ut iam homo<!-- om. Baron --> miser dicere 
                        <lb/>possit. <quote source="urn:cts:greekLit:tlg0527.tlg027.perseus-lat1:68.3">infixus sum in limo <expan><am>ꝓ</am><ex>pro</ex></expan>fundi <expan><am>⁊</am><ex>et</ex></expan> <expan><abbr rend="supraline">n</abbr><ex>on</ex></expan> <expan><abbr rend="supraline">e</abbr><ex>st</ex><am>.</am></expan> substantia.</quote></seg> <!-- next sentence paraphrasing Hugh -->a quo luto 
                    <lb/>ad <add place="above">d</add>eum clamans <expan><am>⁊</am><ex>et</ex></expan> auxilium deuote postulans⸵ euelli poterit. 
                    <lb/>unde illud. <seg type="q" source="DQS#DOD-11:211rb[35]–211rb[36]"><quote source="urn:cts:greekLit:tlg0527.tlg027.perseus-lat1:39.3">exaudiuit <expan><abbr rend="supraline">p</abbr><ex>re</ex></expan>ces meas <expan><am>⁊</am><ex>et</ex></expan> eduxit me de<reg> </reg>lacu miserie⸵ 
                            <lb/><expan><am>⁊</am><ex>et</ex></expan> de luto fecis.</quote></seg>
                </note>
                <lb/><l xml:id="DOD-1.2"><hi rend="spaced">C</hi>ontinet at<expan>q<am>ꝫ</am><ex>ue</ex></expan> duos. his pelluntur mala <num n="7">septem</num>.</l>
                <note target="#DOD-1.3">
                    <lb/><seg type="q" source="DQS#DOD-12:210va[21]–210va[24]">Spiritus timoris <expan>d<ex>omi</ex><abbr rend="supraline">n</abbr>i</expan>. spiritus pietatis. spirit<expan><am>ꝰ</am><ex>us</ex></expan> scientie. <expan>s<abbr rend="supraline">p</abbr><am>c</am><ex>iritus</ex></expan> 
                        <lb/>fortudinis. <expan>s<abbr rend="supraline">p</abbr><am>c</am><ex>iritus</ex></expan> <expan><am>ꝯ</am><ex>con</ex></expan>sili<hi rend="longa">i</hi>. <expan>s<abbr rend="supraline">p</abbr><am>c</am><ex>iritus</ex></expan> intellect<expan><am>ꝰ</am><ex>us</ex></expan>. <expan>s<abbr rend="supraline">p</abbr><am>c</am><ex>iritus</ex></expan> sapientie.</seg>
                </note>
                <lb/><l xml:id="DOD-1.3"><hi rend="spaced">E</hi>t bona <num n="7">septem</num> dona feruntur. Ab his oriuntur⸵</l>
                <note target="#DOD-1.4">
                    <lb/><seg type="q" source="DQS#DOD-13:210va[26]–210va[30]">Pau<expan><am>ꝑ</am><ex>per</ex></expan>tas spirit<expan><am>ꝰ</am><ex>us</ex></expan> <expan><am>.</am>i<ex>d est</ex><am>.</am></expan> humilitas. Mansuetudo siue benignitas. 
                        <lb/><expan><am>Ꝯ</am><ex>Con</ex></expan>punctio siue dolor. Esuries iusticie s<add place="above">i</add>ue desideri<expan><abbr rend="supraline">u</abbr><ex>m</ex></expan> bonum. 
                        <lb/><expan>Mis<ex>eri</ex>c<ex>or</ex><abbr rend="stroke">d</abbr>i<subst><del rend="alt">e</del><add place="overstrike">a</add></subst></expan>. Cordis mundicia. Pax.</seg> He <num n="7">septem</num> u<expan><am>&#x365;</am><ex>ir</ex></expan>tutes notant<expan><am>&#x1DD1;</am><ex>ur</ex></expan> 
                    <lb/>in illo eu<expan><am>&#x1DD3;</am><ex>a</ex></expan>ng<expan><ex>e</ex><abbr rend="stroke">l</abbr></expan>io <quote source="urn:cts:greekLit:tlg0031.tlg001.perseus-lat1:5.1">Videns turbas <persName><expan>i<am rend="stroke">h</am><am>c</am><ex>esus</ex></expan></persName> ascendit in<reg> </reg>mont<expan><abbr rend="supraline">e</abbr><ex>m</ex></expan></quote> <expan><am>⁊</am><ex>et</ex> c<am>&#x33E;</am><ex>etera</ex></expan>. 
                    <lb/>In<reg> </reg>illo <expan>q<am>&#x366;</am><ex>uo</ex>q<am>ꝫ</am><ex>ue</ex></expan> e<expan>u<am>&#x1DD3;</am><ex>a</ex></expan>ngelio designantur <seg type="q" source="DQS#DOD-14:210va[31]"><num n="7">sept<expan><abbr rend="supraline">e</abbr><ex>m</ex></expan></num> beatitudines</seg>. He <expan><am>.</am>s<ex>cilicet</ex></expan>. <seg type="q" source="DQS#DOD-15:210va[31]–210va[34]">Reg
                        <lb break="no"/>num celorum. possessio t<expan><am>&#x33E;</am><ex>er</ex></expan>re uiuenti<expan><abbr rend="supraline">u</abbr><ex>m</ex></expan>. <expan><am>ꝯ</am><ex>con</ex></expan>solatio. iusticie saci<pc rend="hyphen"/>
                        <lb break="no"/>etas. <expan>mis<ex>eri</ex>c<ex>or</ex><abbr rend="stroke">d</abbr>ia</expan>. uisio dei. filiatio dei.</seg>
                </note>
                <lb/><l xml:id="DOD-1.4"><hi rend="spaced">S</hi>eptem uirtutes, <num n="7">septem</num> felicia dona⸵</l>
                <note target="#DOD-1.5">
                    <lb/><expan>Ewan<abbr rend="supraline">g</abbr><ex>elista</ex></expan>. <quote source="urn:cts:greekLit:tlg0031.tlg001.perseus-lat1:10.22">qui <expan><am>ꝑ</am><ex>per</ex></expan>seu<expan><am>&#x33E;</am><ex>er</ex></expan>au<expan><am>&#x33E;</am><ex>er</ex></expan>it us<expan>q<am>ꝫ</am>q<ex>ue</ex></expan> in finem hic saluus erit.</quote>
                </note>
                <lb/><l xml:id="DOD-1.5"><hi rend="spaced">H</hi>is adquiruntur. <expan><am>ꝯ</am><ex>con</ex></expan>stantia si sit in illis.</l>
            </lg>
            <lg n="2">
                <note target="#DOD-2.1">
                    <lb/><seg type="q" source="DQS#DOD-16:211rb[40]–211va[3]"><num n="1">Prima</num> petitio <expan><am>∻</am><ex>est</ex></expan> <expan><am>ꝯ</am><ex>con</ex></expan>tra su<expan><am>ꝑ</am><ex>per</ex></expan>biam qua deo dicim<expan><am>ꝰ</am><ex>us</ex></expan>. <quote source="urn:cts:greekLit:tlg0031.tlg001.perseus-lat1:6.9 urn:cts:greekLit:tlg0031.tlg003.perseus-lat1:11.2"><expan>s<ex>an</ex><abbr rend="supraline">c</abbr><ex>t</ex>i</expan>ficet<expan><am>&#x1DD1;</am><ex>ur</ex></expan> nomen 
                            <lb/>tuum.</quote> <expan>H<am>&#x307;</am><ex>oc</ex></expan> enim petim<expan><am>ꝰ</am><ex>us</ex></expan><add place="inline">⸵</add> ut det nobis timere <expan><am>⁊</am><ex>et</ex></expan> uenerari no<expan><abbr rend="supraline">m</abbr><ex>en</ex></expan> 
                        <lb/>suum⸵ quatin<expan><am>ꝰ</am><ex>us</ex></expan> ei <expan><am>ꝑ</am><ex>per</ex></expan> humilitatem subiecti sim<expan><am>ꝰ</am><ex>us</ex></expan>. qui <add place="above"><expan><am>ꝑ</am><ex>per</ex></expan></add> su<expan><am>ꝑ</am><ex>per</ex></expan>biam 
                        <lb/>rebelles <expan><am>⁊</am><ex>et</ex></expan> contumaces extitimus.</seg>
                </note>
                <lb/><!-- Note the 'par' mark to the left for the rubricator. --><milestone unit="lg" rend="enlarged paraph red"/><l xml:id="DOD-2.1"><hi rend="spaced">E</hi>st <num n="1">primo</num> funesta su<expan><am>ꝑ</am><ex>per</ex></expan>bia pulsa petitu.</l>
                <note target="#DOD-2.2">
                    <lb/><seg type="q" source="DQS#DOD-17:210vb[15]–210vb[16]">su<expan><am>ꝑ</am><ex>per</ex></expan>bia aufert <expan>hom<ex>in</ex><abbr rend="supraline">i</abbr></expan> deum.</seg>
                </note>
                <lb/><l xml:id="DOD-2.2"><hi rend="spaced">Q</hi>ua deus aufertur homini. <num n="1">P<expan><am>&#x365;</am><ex>ri</ex></expan>mo</num><expan>q<am>ꝫ</am><ex>ue</ex></expan> petitu⸵</l>
                <note target="#DOD-2.3">
                    <lb/><num n="1">P<expan><am>&#x365;</am><ex>ri</ex></expan>me</num> <seg type="q" source="DQS#DOD-18:211va[3]–211va[8]">peticioni dat<expan><am>&#x1DD1;</am><ex>ur</ex></expan> spirit<expan><am>ꝰ</am><ex>us</ex></expan> timoris <expan>d<ex>omi</ex><abbr rend="supraline">n</abbr>i</expan>. ut ille ad cor ueni<expan><abbr rend="supraline">e</abbr><ex>n</ex></expan>s. 
                        <lb/>uirtutem in eo creet humilitatis. que su<expan><am>ꝑ</am><ex>per</ex></expan>bie morb<expan><abbr rend="supraline">u</abbr><ex>m</ex></expan> sanet. 
                        <lb/>quatin<expan><am>ꝰ</am><ex>us</ex></expan> ad regnum celorum <expan>q<ex>uo</ex><abbr rend="stroke">d</abbr></expan> <expan>ang<ex>e</ex><abbr rend="stroke">l</abbr><ex>u</ex>s</expan> su<expan><am>ꝑ</am><ex>per</ex></expan>bus <expan><am>ꝑ</am><ex>per</ex></expan><reg> </reg>elationem 
                        <lb/><expan><am>ꝑ</am><ex>per</ex></expan>didit⸵ homo humilis <expan><am>ꝑ</am><ex>per</ex></expan>uenire possit.</seg>
                </note>
                <pb n="43r"/>
                <lb/><l xml:id="DOD-2.3"><hi rend="spaced">D</hi>onatur <expan>d<ex>omi</ex><abbr rend="supraline">n</abbr>i</expan> timor. Hic humiles facit. his<expan>q<am>ꝫ</am><ex>ue</ex></expan>⸵</l>
                <note target="#DOD-2.4">
                    <lb/><expan>Ew<abbr rend="supraline">a</abbr><ex>n</ex><abbr rend="supraline">g</abbr><ex>elista</ex></expan>. <quote source="urn:cts:greekLit:tlg0031.tlg001.perseus-lat1:5.3">Beati pau<expan><am>ꝑ</am><ex>per</ex></expan>es <expan>s<abbr rend="supraline">p</abbr><ex>irit</ex>u</expan> <expan>q<ex>uonia</ex><abbr rend="supraline">m</abbr></expan> <expan>i<abbr rend="supraline">p</abbr><ex>s</ex>o</expan>rum <expan><abbr rend="supraline">e</abbr><ex>st</ex><am>.</am></expan> regn<expan><abbr rend="supraline">u</abbr><ex>m</ex></expan> celor<expan><abbr rend="supraline">u</abbr><ex>m</ex></expan>.</quote> <quote source="urn:cts:greekLit:tlg0031.tlg001.perseus-lat1:5.3">pau<expan><am>ꝑ</am><ex>per</ex></expan>es 
                        <lb/>spiritu</quote>⸵ <expan><am>.</am>i<ex>d est</ex><am>.</am></expan> humiles.
                </note>
                <lb/><l xml:id="DOD-2.4"><hi rend="spaced">C</hi>on<subst><del rend="erased">u</del><add place="overstrike">f</add></subst>er<del rend="strikethrough expunct">te</del>tur celi regnum. gaudent<expan>q<am>ꝫ</am><ex>ue</ex></expan> beati.</l>
            </lg>
            <lg n="3">
                <note target="#DOD-3.1">
                    <lb/><seg type="q" source="DQS#DOD-19:211va[8]–211va[17]"><num n="2">Secunda</num> petitio <expan><am>∻</am><ex>est</ex></expan> <expan><am>ꝯ&#x1DD3;</am><ex>contra</ex></expan> inuidi<expan><abbr rend="supraline">a</abbr><ex>m</ex></expan> qua dicit<expan><am>&#x1DD1;</am><ex>ur</ex></expan>. <quote source="urn:cts:greekLit:tlg0031.tlg001.perseus-lat1:6.10">Adueniat regn<expan><abbr rend="supraline">u</abbr><ex>m</ex></expan> 
                            <lb/>tu<expan><abbr rend="supraline">u</abbr><ex>m</ex></expan>.</quote> regnum siq<expan><am>&#x365;</am><ex>ui</ex></expan>dem dei <expan><abbr rend="supraline">e</abbr><ex>st</ex></expan>⸵ salus homin<expan><abbr rend="supraline">u</abbr><ex>m</ex></expan>. quia <expan>t<ex>un</ex><abbr rend="supraline">c</abbr></expan> in <expan>h<abbr rend="supraline">o</abbr><ex>min</ex>ib<am>ꝫ</am><ex>us</ex></expan> 
                        <lb/>deus<!-- follows Inst. word order --> regnare dicit<expan><am>&#x1DD1;</am><ex>ur</ex></expan>⸵ quando <expan>i<abbr rend="supraline">p</abbr><ex>s</ex>i</expan> hom<expan><abbr rend="supraline">i</abbr><ex>n</ex></expan>es deo subiciuntur.<!-- 'et' add. Baron --> 
                        <lb/>modo ei adherendo <expan><am>ꝑ</am><ex>per</ex></expan><reg> </reg>fidem. <expan><am>⁊</am><ex>et</ex></expan> <expan>p<am>&#x366;</am><ex>ost</ex></expan> inherendo <expan><am>ꝑ</am><ex>per</ex></expan><reg> </reg>speciem. q<expan><am>&#x365;</am><ex>ui</ex></expan> ergo 
                        <lb/>petit ut regn<expan><abbr rend="supraline">u</abbr><ex>m</ex></expan> dei adueniat⸵ ille <expan><am>ꝓ</am><ex>pro</ex></expan>fecto salutem hominum 
                        <lb/>querit.<!-- again, follows Inst. --> ac <expan><am>ꝑ</am><ex>per</ex></expan> <expan>h<am>&#x307;</am><ex>oc</ex></expan> dum <expan><am>ꝓ</am><ex>pro</ex></expan> c<expan><abbr rend="supraline">o</abbr><ex>m</ex></expan>muni <expan>om<ex>n</ex><abbr rend="supraline">i</abbr>um</expan> salute postulat⸵ 
                        <lb/>liuoris uicium se re<expan><am>ꝓ</am><ex>pro</ex></expan>bare demonstrat.</seg>
                </note>
                <lb/><milestone unit="lg" rend="enlarged paraph blue"/><l xml:id="DOD-3.1"><hi rend="spaced">S</hi>i sit digne facta <num n="2">secunda</num> petitio. liuor⸵</l>
                <note target="#DOD-3.2a">
                    <lb/><add place="inline" hand="#SP"><expan><ex>ue</ex><abbr rend="stroke">l</abbr></expan></add> <mentioned>De<surplus> </surplus>pulsatur</mentioned>.
                </note>
                <note target="#DOD-3.2">
                    <seg type="q" source="DQS#DOD-20:210vb[16]–210vb[17]">Inuidia aufert <expan>hom<ex>in</ex><abbr rend="supraline">i</abbr></expan> <expan><am>ꝓ</am><ex>pro</ex></expan>ximum.</seg>
                </note>
                <lb/><l xml:id="DOD-3.2"><hi rend="spaced">I</hi>nde <seg xml:id="DOD-3.2a">fugatur</seg>. dicitur hic auferre <expan><am>ꝓ</am><ex>pro</ex></expan>pinquum.</l>
                <note target="#DOD-3.3">
                    <lb/><num n="2"><expan>Sec<ex>un</ex><abbr rend="stroke">d</abbr>e</expan></num> <seg type="q" source="DQS#DOD-21:211va[18]–211va[21]">petitioni datur <expan>s<abbr rend="supraline">p</abbr><am>c</am><ex>iritus</ex></expan> pietatis. ut <expan>i<abbr rend="supraline">p</abbr><ex>s</ex>e</expan> ad cor ueniens⸵ ad 
                        <lb/>benignitatem illud acc<expan><abbr rend="supraline">e</abbr><ex>n</ex></expan>dat. quatin<expan><am>ꝰ</am><ex>us</ex></expan> ad eand<expan><abbr rend="supraline">e</abbr><ex>m</ex></expan> homo et<expan><am>&#x33E;</am><ex>er</ex></expan>ne 
                        <lb/>hereditatis possession<expan><abbr rend="supraline">e</abbr><ex>m</ex></expan> ad quam alios <expan><am>ꝑ</am><ex>per</ex></expan>uenire cupit⸵ <expan><am>⁊</am><ex>et</ex></expan><!-- om. Baron --> <expan>i<abbr rend="supraline">p</abbr><ex>s</ex>e</expan> 
                        <lb/><expan><am>ꝑ</am><ex>per</ex></expan>ueniat.</seg>
                </note>
                <lb/><l xml:id="DOD-3.3"><hi rend="spaced">H</hi>ac prece donatur pietas. <expan><am>ꝑ</am><ex>per</ex></expan> quam generatur⸵</l>
                <note target="#DOD-3.4">
                    <lb/><expan>Ewan<abbr rend="supraline">g</abbr><ex>elista</ex></expan>. <quote source="urn:cts:greekLit:tlg0031.tlg001.perseus-lat1:5.4">Beati mites <expan>q<ex>uonia</ex><abbr rend="supraline">m</abbr></expan> <expan>i<abbr rend="supraline">p</abbr><ex>s</ex>i</expan> possidebunt t<expan><am>&#x33E;</am><ex>er</ex></expan>ram.</quote>
                </note>
                <lb/><l xml:id="DOD-3.4"><hi rend="spaced">M</hi>ansuetudo. qua uiuentum sit data terra.</l>
            </lg>
            <lg n="4">
                <note target="#DOD-4.1">
                    <lb/><seg type="q" source="DQS#DOD-22:211va[21]–211va[26]"><num n="3">Tercia</num> petitio <expan><am>∻</am><ex>est</ex></expan> <expan><am>ꝯ</am><ex>con</ex></expan>tra iram qua dicit<expan><am>&#x1DD1;</am><ex>ur</ex></expan> <quote source="urn:cts:greekLit:tlg0031.tlg001.perseus-lat1:6.10">fiat uoluntas tua. 
                            <lb/><expan>si<abbr rend="supraline">c</abbr><ex>ut</ex></expan> in celo <expan><am>⁊</am><ex>et</ex></expan> in t<expan><am>&#x33E;</am><ex>er</ex></expan>ra.</quote> <expan><abbr rend="supraline">n</abbr><ex>on</ex></expan> uult <expan><am>ꝯ</am><ex>con</ex></expan>tendere q<expan><am>&#x365;</am><ex>ui</ex></expan> dicit. <quote source="urn:cts:greekLit:tlg0031.tlg001.perseus-lat1:6.10">Fiat uol<expan><abbr rend="supraline">u</abbr><ex>n</ex></expan>tas 
                            <lb/>tua.</quote> <expan>s<am>ꝫ</am><ex>ed</ex></expan> sibi placere indicat⸵ q<expan><am>&#x365;</am><ex>ui</ex></expan>cq<expan><am>&#x365;</am><ex>ui</ex></expan>d uoluntas dei siue <expan><abbr rend="supraline">i</abbr><ex>n</ex></expan> se 
                        <lb/>siue in ali<hi rend="longa">i</hi>s <expan>s<ex>e</ex>c<ex>un</ex><abbr rend="stroke">d</abbr><ex>u</ex>m</expan> arbitrium sue dignati<expan><abbr rend="supraline">o</abbr><ex>n</ex></expan>is dispensat.</seg>
                </note>
                <lb/><milestone unit="lg" rend="enlarged paraph red"/><l xml:id="DOD-4.1"><num n="3"><hi rend="spaced">T</hi>ertia</num> digna peticio<add place="inline">⸵</add> submouet iram.</l>
                <note target="#DOD-4.2">
                    <lb/><seg type="q" source="DQS#DOD-23:210vb[17]">ira aufert homini se <expan>i<abbr rend="supraline">p</abbr><ex>su</ex>m</expan>.</seg>
                </note>
                <lb/><l xml:id="DOD-4.2"><hi rend="spaced">H</hi>ec aufert homini semet. spoliatur. ab ipso⸵</l>
                <note target="#DOD-4.3">
                    <lb/>Cum su<expan><am>ꝑ</am><ex>per</ex></expan>bia auferat <expan>h<abbr rend="supraline">o</abbr><ex>min</ex>i</expan> <expan>d<ex>eu</ex><abbr rend="supraline">m</abbr></expan>. <expan><abbr rend="supraline">i</abbr><ex>n</ex></expan>uidia <expan><am>ꝓ</am><ex>pro</ex></expan>xim<expan><abbr rend="supraline">u</abbr><ex>m</ex></expan>. ira se <expan>i<abbr rend="supraline">p</abbr><ex>su</ex>m</expan>⸵ exspo<pc rend="hyphen"/>
                    <lb break="no"/>liatur<supplied reason="omitted">.</supplied>
                </note>
                <lb/><l xml:id="DOD-4.3"><hi rend="spaced">C</hi>um <expan>d<ex>eu</ex><abbr rend="supraline">s</abbr></expan> aufertur. <expan><am>⁊</am><ex>et</ex></expan> <expan><am>ꝓ</am><ex>pro</ex></expan>ximus. <expan><am>⁊</am><ex>et</ex></expan> simul <expan>i<abbr rend="supraline">p</abbr><ex>s</ex>e</expan>.</l>
                <note target="#DOD-4.4 #DOD-4.5">
                    <lb/><num n="3">Tertie</num> <seg type="q" source="DQS#DOD-24:211va[27]–211va[34]">petitioni datur spirit<expan><am>ꝰ</am><ex>us</ex></expan> scientie. ut <expan>i<abbr rend="supraline">p</abbr><ex>s</ex>e</expan> ad cor ueniens⸵ 
                        <lb/>erudiat illud <expan><am>⁊</am><ex>et</ex></expan><reg> </reg>salubriter <expan><am>ꝯ</am><ex>con</ex></expan>pungat. ut sciat homo malum 
                        <lb/><expan>q<ex>uo</ex><abbr rend="stroke">d</abbr></expan> patitur ex sua culpa <expan><am>ꝓ</am><ex>pro</ex></expan>uenire. si quid <expan>a<abbr rend="supraline">u</abbr><ex>tem</ex></expan> boni habuit<!-- habuerit Baron -->⸵ <add place="inline" hand="#SP">ex</add> 
                        <lb/><expan>mis<ex>eri</ex>c<ex>or</ex><abbr rend="stroke">d</abbr>ia</expan> dei <expan><am>ꝓ</am><ex>pro</ex></expan>cedere. ac <expan><am>ꝑ</am><ex>per</ex></expan> hoc discat siue in malis <expan><abbr rend="supraline">q</abbr><ex>ue</ex></expan> sustinet. 
                        <lb/>siue in bonis <expan><abbr rend="supraline">q</abbr><ex>ue</ex></expan> <expan><abbr rend="supraline">n</abbr><ex>on</ex></expan> habet⸵ <expan><am>ꝯ</am><ex>con</ex></expan>tra creatorem <expan><abbr rend="supraline">n</abbr><ex>on</ex></expan> irasci. <expan>s<am>ꝫ</am><ex>ed</ex></expan> <expan><am>ꝑ</am><ex>per</ex></expan> <expan>o<abbr rend="supraline">m</abbr><ex>n</ex>ia</expan>⸵ 
                        <pb n="43v"/>
                        <lb/>patienti<expan><abbr rend="supraline">a</abbr><ex>m</ex></expan> exhibere.</seg> <seg type="q" source="DQS#DOD-25:211va[37]–211vb[3]"><quote source="urn:cts:greekLit:tlg0527.tlg032.perseus-lat1:5.2">stult<expan><abbr rend="supraline">u</abbr><ex>m</ex></expan> ira int<expan><am>&#x33E;</am><ex>er</ex></expan>ficit.</quote> q<expan><am>&#x1DD3;</am><ex>ua</ex></expan>ndo in<reg> </reg>adu<expan><am>&#x33E;</am><ex>er</ex></expan>sis <expan><am>ꝑ</am><ex>per</ex></expan><reg> </reg>inpatien<pc rend="hyphen"/>
                        <lb break="no"/>tie uici<expan><abbr rend="supraline">u</abbr><ex>m</ex></expan> agitat<expan><am>ꝰ</am><ex>us</ex></expan> at<expan>q<am>ꝫ</am><ex>ue</ex></expan> cecat<expan><am>ꝰ</am><ex>us</ex></expan> uel mal<expan><abbr rend="supraline">u</abbr><ex>m</ex></expan> quod patit<expan><am>&#x1DD1;</am><ex>ur</ex></expan> se meruisse. vel 
                        <lb/>bon<expan><abbr rend="supraline">u</abbr><ex>m</ex></expan> <expan>q<ex>uo</ex><abbr rend="stroke">d</abbr></expan> <expan>h<ex>abe</ex><abbr rend="supraline">t</abbr></expan> <expan><am>ꝑ</am><ex>per</ex></expan> <expan>g<abbr rend="supraline">r</abbr><ex>ati</ex>a</expan>m se<!-- om. Baron --> accepisse <expan><abbr rend="supraline">n</abbr><ex>on</ex></expan> agnoscit. H<expan><abbr rend="supraline">a</abbr><ex>n</ex></expan>c u<expan><am>&#x365;</am><ex>ir</ex></expan>tutem <expan><am>.</am>i<ex>d est</ex><am>.</am></expan> 
                        <lb/><expan><am>ꝯ</am><ex>con</ex></expan>punction<expan><abbr rend="supraline">e</abbr><ex>m</ex></expan> siue dolorem<add place="inline">⸵</add> <expan><abbr rend="supraline">p</abbr><ex>re</ex></expan>mium <expan><am>ꝯ</am><ex>con</ex></expan>solationis sequit<expan><am>&#x1DD1;</am><ex>ur</ex></expan>. vt q<expan><am>&#x365;</am><ex>ui</ex></expan> 
                        <lb/>se hic sponte coram deo <expan><am>ꝑ</am><ex>per</ex></expan> la<expan><abbr rend="supraline">m</abbr><ex>en</ex></expan>ta affligit⸵<!-- 'illic' add. Baron --> ver<expan><abbr rend="supraline">u</abbr><ex>m</ex></expan> gaudium <expan><am>&amp;</am><ex>et</ex></expan> 
                        <lb/>leticiam inuenire mereatur.</seg>
                </note>
                <lb/><l xml:id="DOD-4.4"><hi rend="spaced">I</hi>sta largitur prece sana scientia. <expan><am>ꝑ</am><ex>per</ex></expan> quam⸵</l>
                <lb/><l xml:id="DOD-4.5"><hi rend="spaced">P</hi>rouenit in<reg> </reg>fletu <expan><am>ꝯ</am><ex>con</ex></expan>punctio. grata saluti.</l>
                <note target="#DOD-4.6a">
                    <lb/><expan><am>.</am>s<am>.</am><ex>cilicet</ex></expan> <mentioned><expan><am>ꝯ</am><ex>con</ex></expan>punctione</mentioned>.
                </note>
                <note target="#DOD-4.6">
                    <expan>Ew<abbr rend="supraline">a</abbr><ex>n</ex><abbr rend="supraline">g</abbr><ex>elista</ex></expan>. <quote source="urn:cts:greekLit:tlg0031.tlg001.perseus-lat1:5.5">Beati qui lugent <expan>q<ex>uonia</ex><abbr rend="supraline">m</abbr></expan> <expan>i<abbr rend="supraline">p</abbr><ex>s</ex>i</expan> <expan><am>ꝯ</am><ex>con</ex></expan>solab<expan><abbr rend="supraline">u</abbr><ex>n</ex></expan>t<expan><am>&#x1DD1;</am><ex>ur</ex></expan>.</quote>
                </note>
                <lb/><l xml:id="DOD-4.6"><seg xml:id="DOD-4.6a"><hi rend="spaced">H</hi>ac</seg> <expan><am>ꝯ</am><ex>con</ex></expan>fertur <expan><am>ꝯ</am><ex>con</ex></expan>solatio multa superna.</l>
            </lg>
            <lg n="5">
                <note target="#DOD-5.1">
                    <lb/><seg type="q" source="DQS#DOD-26:211vb[4]–211vb[10]"><num n="4">Quarta</num> petitio <expan><abbr rend="supraline">e</abbr><ex>st</ex></expan> <expan><am>ꝯ</am><ex>con</ex></expan>tra t<expan><am>&#x365;</am><ex>ri</ex></expan>sticiam. qua dicit<expan><am>&#x1DD1;</am><ex>ur</ex></expan>. <quote source="urn:cts:greekLit:tlg0031.tlg001.perseus-lat1:6.11 urn:cts:greekLit:tlg0031.tlg003.perseus-lat1:11.3">Pan<expan><abbr rend="supraline">e</abbr><ex>m</ex></expan> <expan>n<ex>ost</ex><abbr rend="supraline">r</abbr><ex>u</ex>m</expan> cotidianum 
                            <lb/>da <expan>no<abbr rend="stroke">b</abbr><ex>is</ex></expan> hodie.</quote> tristicia tedi<surplus>d</surplus><expan><abbr rend="supraline">u</abbr><ex>m</ex></expan> <expan><abbr rend="supraline">e</abbr><ex>st</ex><am>.</am></expan> animi <expan><abbr rend="supraline">c</abbr><ex>um</ex><am>.</am></expan> merore. q<expan><am>&#x1DD3;</am><ex>ua</ex></expan>ndo mens q<expan><am>&#x366;</am><ex>uo</ex></expan><pc rend="hyphen"/>
                        <lb break="no"/>dam<expan>m<ex>odo</ex><am>&#x366;</am></expan> tabefacta. <expan><am>⁊</am><ex>et</ex></expan> uicio suo amaricata<add place="inline">⸵</add> interna bona <expan><abbr rend="supraline">n</abbr><ex>on</ex></expan> appetit. 
                        <lb/>at<expan>q<am>ꝫ</am><ex>ue</ex></expan> o<expan><abbr rend="supraline">m</abbr><ex>n</ex></expan>i uigore e<reg> </reg>mortuo⸵ nullo desiderio <expan>sp<ex>irit</ex><abbr rend="supraline">u</abbr>alis</expan> refectionis hi
                        <lb break="no"/>larescit.</seg> <seg type="q" source="DQS#DOD-27:210vb[17]–210vb[18]">tristicia flagellat hominem.</seg>
                </note>
                <lb/><milestone unit="lg" rend="enlarged paraph red"/><l xml:id="DOD-5.1"><num n="4"><hi rend="spaced">Q</hi>uarta</num> peticio tristiciam fugat. ista flagellat⸵</l>
                <note target="#DOD-5.2 #DOD-5.3">
                    <lb/><num n="4">Quarte</num> <seg type="q" source="DQS#DOD-28:211vb[15]–211vb[22]">peticioni datur <expan>s<abbr rend="supraline">p</abbr><am>c</am><ex>iritus</ex></expan> fortitudinis. ut fatiscentem ani<pc rend="hyphen"/>
                        <lb break="no"/>mum erigat. quatin<expan><am>ꝰ</am><ex>us</ex></expan> illa p<expan><am>&#x365;</am><ex>ri</ex></expan>stini uigoris uirtute recepta⸵ a<del rend="erased">d</del> 
                        <lb/><subst><del rend="erased"><unclear>in</unclear></del><add place="overstrike">de</add></subst>fectu<del rend="erased">m</del> sui tedi<hi rend="longa">i</hi> ad desi<expan><abbr rend="stroke">d</abbr><ex>er</ex></expan>ium <add place="overstrike"><expan><abbr rend="supraline">i</abbr><ex>n</ex></expan></add>terni saporis <expan><am>ꝯ</am><ex>con</ex></expan>ualescat. creat 
                        <lb/><expan><ex>er</ex>g<am>&#x366;</am><ex>o</ex></expan> spirit<expan><am>ꝰ</am><ex>us</ex></expan> fortitudinis in corde fam<expan><abbr rend="supraline">e</abbr><ex>m</ex></expan> iusticie. vt q<expan><am>&#x365;</am><ex>ui</ex></expan><!-- 'dum' Baron --> hic <expan><am>ꝑ</am><ex>per</ex></expan> desi<expan><abbr rend="stroke">d</abbr><ex>er</ex></expan>i<expan><abbr rend="supraline">u</abbr><ex>m</ex></expan> 
                        <lb/>pietatis fortiter accendit<expan><am>&#x1DD1;</am><ex>ur</ex></expan>⸵ illic <expan><am>ꝓ</am><ex>pro</ex></expan> premio plen<expan><abbr rend="supraline">a</abbr><ex>m</ex></expan> beatitudinis 
                        <lb/>sacietatem consequatur.</seg>
                </note>
                <lb/><l xml:id="DOD-5.2"><!-- Ex- originally started one line higher --><hi rend="spaced">E</hi>xpoliatum. Fortis spiritus hac prece <add place="overstrike">fertur.</add></l>
                <lb/><l xml:id="DOD-5.3"><hi rend="spaced">E</hi>suries bona iusticie producit<expan><am>&#x1DD1;</am><ex>ur</ex></expan> inde.</l>
                <note target="#DOD-5.4">
                    <lb/><expan>Ewang<am>&#x33E;</am><ex>elista</ex></expan>. <quote source="urn:cts:greekLit:tlg0031.tlg001.perseus-lat1:5.6">Beati qui esuriunt <expan><am>⁊</am><ex>et</ex></expan> sitiunt i<expan><am>ꝰ</am><ex>us</ex></expan>ticiam<add place="inline">⸵</add> <expan>q<ex>uonia</ex><abbr rend="supraline">m</abbr></expan> <expan>i<abbr rend="supraline">p</abbr><ex>s</ex>i</expan> satu<pc rend="hyphen"/>
                        <lb break="no"/>rabuntur.</quote>
                </note>
                <lb/><l xml:id="DOD-5.4"><hi rend="spaced">P</hi>er quam leticia plena iusti saturantur.</l>
            </lg>
            <lg n="6">
                <note target="#DOD-6.1">
                    <lb/><seg type="q" source="DQS#DOD-29:211vb[23]–211vb[30]"><num n="5">Quinta</num> petitio <expan><abbr rend="supraline">e</abbr><ex>st</ex><am>.</am></expan> <expan><am>ꝯ</am><ex>con</ex></expan>tra auarici<expan><abbr rend="supraline">a</abbr><ex>m</ex></expan> qua dicit<expan><am>&#x1DD1;</am><ex>ur</ex></expan>. <quote source="urn:cts:greekLit:tlg0031.tlg001.perseus-lat1:6.12">dimitte nobis debi<pc rend="hyphen"/>
                            <lb break="no"/>ta <expan>n<ex>ost</ex><abbr rend="supraline">r</abbr>a</expan> <expan>si<abbr rend="supraline">c</abbr><ex>ut</ex></expan> <expan><am>⁊</am><ex>et</ex></expan> nos dimittim<expan><am>ꝰ</am><ex>us</ex></expan> debitori<expan>b<am>ꝫ</am><ex>us</ex></expan> <expan>n<ex>ost</ex><abbr rend="supraline">r</abbr>is</expan>.</quote> i<expan><am>ꝰ</am><ex>us</ex></expan>tum <expan><abbr rend="supraline">e</abbr><ex>st</ex></expan>. ut in redden<pc rend="hyphen"/>
                        <lb break="no"/>do debito <expan><abbr rend="supraline">n</abbr><ex>on</ex></expan> debeat <expan><abbr rend="supraline">e</abbr><ex>ss</ex><abbr rend="supraline">e</abbr><am>.</am></expan> anxi<expan><am>ꝰ</am><ex>us</ex></expan>⸵ qui in<reg> </reg>exigendo noluerit <expan><abbr rend="supraline">e</abbr><ex>ss</ex><abbr rend="supraline">e</abbr><am>.</am></expan> amar<expan><am>ꝰ</am><ex>us</ex></expan>.
                        <lb/>At<expan>q<am>ꝫ</am><ex>ue</ex></expan> ideo cum a <expan>no<abbr rend="stroke">b</abbr><ex>is</ex></expan> <expan><am>ꝑ</am><ex>per</ex></expan> dei <expan>g<abbr rend="supraline">r</abbr><ex>ati</ex>a</expan>m uici<expan><abbr rend="supraline">u</abbr><ex>m</ex></expan> auari<add place="overstrike">c</add>ie tollitur⸵ qua<pc rend="hyphen"/>
                        <lb break="no"/>liter a<reg> </reg><expan>n<ex>ost</ex><abbr rend="supraline">r</abbr>o</expan> debito absolui <space quantity="2" unit="character"/> debeam<expan><am>ꝰ</am><ex>us</ex></expan><add place="inline">⸵</add> exposita<!-- 'ex proposita' Baron --> salutis <expan><am>ꝯ</am><ex>con</ex></expan>ditione 
                        <lb/>donatur.</seg> <seg type="q" source="DQS#DOD-30a:210vb[18]">auaricia</seg> hominem spoliat<expan><abbr rend="supraline">u</abbr><ex>m</ex></expan> <add place="overstrike"><expan><am>⁊</am><ex>et</ex></expan></add> <seg type="q" source="DQS#DOD-30b:210vb[18]">flagellat<expan><abbr rend="supraline">u</abbr><ex>m</ex></expan> eicit.</seg>
                </note>
                <lb/><milestone unit="lg" rend="enlarged paraph blue"/><l xml:id="DOD-6.1"><num n="5"><hi rend="spaced">Q</hi>uinta</num> petitio trudit auariciam. spoliatum⸵</l>
                <note target="#DOD-6.2 #DOD-6.3">
                    <lb/><num n="5">Quinte</num> <seg type="q" source="DQS#DOD-31:211vb[30]–211vb[34]">peticioni datur spirit<expan><am>ꝰ</am><ex>us</ex></expan> <expan><am>ꝯ</am><ex>con</ex></expan>sili<hi rend="longa">i</hi> qui doceat nos in <expan>h<am>&#x307;</am><ex>oc</ex></expan> sec<expan><ex>u</ex><abbr rend="stroke">l</abbr></expan>o 
                        <pb n="44r"/>
                        <lb/>libent<expan><am>&#x33E;</am><ex>er</ex></expan> peccanti<expan>b<am>ꝫ</am><ex>us</ex></expan> in nos <expan>mis<ex>eri</ex>c<ex>or</ex><abbr rend="stroke">d</abbr>ia</expan>m inpendere. q<expan><am>&#x1DD3;</am><ex>ua</ex></expan>tin<expan><am>ꝰ</am><ex>us</ex></expan> in fut<expan><am>&#x1DD1;</am><ex>ur</ex></expan>o 
                        <lb/>cum <expan><am>ꝓ</am><ex>pro</ex></expan> peccatis <expan>n<ex>ost</ex><abbr rend="supraline">r</abbr>is</expan> ration<expan><abbr rend="supraline">e</abbr><ex>m</ex></expan> reddituri sum<expan><am>ꝰ</am><ex>us</ex></expan><add place="inline">⸵</add> mereamur mise<pc rend="hyphen"/>
                        <lb break="no"/>ricordiam inuenire.</seg>
                </note>
                <lb/><l xml:id="DOD-6.2"><hi rend="spaced">E</hi>icit hec hominem. Donatur spirit<expan><am>ꝰ</am><ex>us</ex></expan> inde<subst><del rend="alt">.</del><add place="overstrike">⸵</add></subst></l>
                <lb/><l xml:id="DOD-6.3"><hi rend="spaced">C</hi>onsili<hi rend="longa">i</hi>. facit hic homines fratrum miserentes.</l>
                <note target="#DOD-6.4a">
                    <lb/><expan><am>.</am>s<am>.</am><ex>cilicet</ex></expan> <mentioned>misericordi<expan>b<am>ꝫ</am><ex>us</ex></expan></mentioned>.
                </note>
                <note target="#DOD-6.4">
                    <expan>Ewang<am>&#x33E;</am><ex>elista</ex></expan>. <quote source="urn:cts:greekLit:tlg0031.tlg001.perseus-lat1:5.6">Beati 
                        <lb/>misericordes q<expan><am>&#x365;</am><ex>ui</ex></expan>a <expan>i<abbr rend="supraline">p</abbr><ex>s</ex>i</expan> <expan>mis<ex>eri</ex>c<ex>or</ex><abbr rend="stroke">d</abbr>ia</expan>m <expan><am>ꝯ</am><ex>con</ex></expan>sequentur.</quote>
                </note>
                <lb/><l xml:id="DOD-6.4"><hi rend="spaced">T</hi>raditur <seg xml:id="DOD-6.4a">his</seg> merces miseratio multa superna.</l>
            </lg>
            <lg n="7">
                <note target="#DOD-7.1">
                    <lb/><seg type="q" source="DQS#DOD-32:211vb[34]–212ra[3]"><num n="6">Sexta</num> petitio <expan><abbr rend="supraline">e</abbr><ex>st</ex><am>.</am></expan> <expan><am>ꝯ</am><ex>con</ex></expan>tra gul<expan><abbr rend="supraline">a</abbr><ex>m</ex></expan> qua dicit<expan><am>&#x1DD1;</am><ex>ur</ex></expan>. <quote source="urn:cts:greekLit:tlg0031.tlg001.perseus-lat1:6.13 urn:cts:greekLit:tlg0031.tlg003.perseus-lat1:11.4" xml:id="DQS-Matt6.13a" next="#DQS-Matt6.13b">ne nos inducas</quote> <expan><am>.</am>i<ex>d est</ex><am>.</am></expan> <expan><abbr rend="supraline">i</abbr><ex>n</ex></expan>duci 
                        <lb/><expan><am>ꝑ</am><ex>per</ex></expan>mittas <quote xml:id="DQS-Matt6.13b" prev="#DQS-Matt6.13a">in<add place="inline"> </add>temptationem.</quote> <expan><abbr rend="stroke">H</abbr><ex>ec</ex></expan> <expan><am>∻</am><ex>est</ex></expan> temptatio q<expan><am>&#x1DD3;</am><ex>ua</ex></expan> nos illecebra carnis 
                        <lb/>sepe. <expan><am>ꝑ</am><ex>per</ex></expan> naturalem appetit<expan><abbr rend="supraline">u</abbr><ex>m</ex></expan> ad<reg> </reg>excess<expan><abbr rend="supraline">u</abbr><ex>m</ex></expan> trahere nititur. <expan><am>⁊</am><ex>et</ex></expan> lat<expan><abbr rend="supraline">e</abbr><ex>n</ex></expan>ter 
                        <lb/>uoluptatem subicit⸵ dum manifeste <expan>no<abbr rend="stroke">b</abbr><ex>is</ex></expan> de <expan>nece<ex>ss</ex>itate</expan> blandit<expan><am>&#x1DD1;</am><ex>ur</ex></expan>. 
                        <lb/>in qu<expan><abbr rend="supraline">a</abbr><ex>m</ex></expan> <expan><am>ꝓ</am><ex>pro</ex></expan>fecto t<expan><abbr rend="supraline">e</abbr><ex>m</ex></expan>ptationem <expan>t<ex>un</ex><abbr rend="supraline">c</abbr></expan> neq<expan><am>&#x1DD3;</am><ex>ua</ex></expan>qu<expan><abbr rend="supraline">a</abbr><ex>m</ex></expan> inducim<expan><am>&#x1DD1;</am><ex>ur</ex></expan>⸵ si sic studem<expan><am>ꝰ</am><ex>us</ex></expan> 
                        <lb/><expan>s<ex>e</ex>c<ex>un</ex><abbr rend="stroke">d</abbr><ex>u</ex>m</expan> mensur<expan><abbr rend="supraline">a</abbr><ex>m</ex></expan> necessitatis nature subsidi<expan><abbr rend="supraline">u</abbr><ex>m</ex></expan> inpendere⸵ ut 
                        <lb/><expan>t<ex>ame</ex><abbr rend="supraline">n</abbr></expan> semper memin<add place="overstrike">eri</add>m<expan><am>ꝰ</am><ex>us</ex></expan> appetit<expan><abbr rend="supraline">u</abbr><ex>m</ex></expan> ab<reg> </reg>illecebra uoluptatis cohercere.</seg>
                </note>
                <lb/><milestone unit="lg" rend="enlarged paraph red"/><l xml:id="DOD-7.1"><num n="6"><hi rend="spaced">S</hi>exta</num> gulam pulsare petitio dicitur. ista⸵</l>
                <note target="#DOD-7.2">
                    <lb/><seg type="q" source="DQS#DOD-33:210vb[19]">Gula hominem eiectum se<del rend="strikethrough"> </del>ducit.</seg>
                </note>
                <lb/><l xml:id="DOD-7.2"><hi rend="spaced">E</hi>iectum male seducit. Datur hac <expan><abbr rend="supraline">p</abbr><ex>re</ex></expan>ce digna⸵</l>
                <note target="#DOD-7.3">
                    <lb/><num n="6">Sexte</num> petitioni <seg type="q" source="DQS#DOD-34:212ra[4]–212ra[15]">datur spirit<expan><am>ꝰ</am><ex>us</ex></expan> intelligentie. <expan>V<am>&#x365;</am><ex>t</ex></expan> in<del rend="strikethrough"> </del>t<expan><am>&#x33E;</am><ex>er</ex></expan>na refectio 
                        <lb/>uerbi dei<add place="inline">⸵</add> appetitum ext<expan><am>&#x33E;</am><ex>er</ex></expan>iorem cohibeat. <expan><am>⁊</am><ex>et</ex></expan> <expan><abbr rend="supraline">m</abbr><ex>en</ex></expan>tem <expan>s<abbr rend="supraline">p</abbr><ex>irit</ex>u</expan>ali cibo 
                        <lb/>roborat<expan><abbr rend="supraline">a</abbr><ex>m</ex></expan>⸵ nec ualeat corporalis egestas frangere⸵ nec carnis 
                        <lb/>uoluptas su<expan><am>ꝑ</am><ex>per</ex></expan>are. <expan><am>ꝓ</am><ex>pro</ex></expan>pt<expan><am>&#x33E;</am><ex>er</ex></expan>ea n<expan><abbr rend="supraline">a</abbr><ex>m</ex></expan><expan>q<am>ꝫ</am><ex>ue</ex></expan> <expan><am>⁊</am><ex>et</ex></expan> <expan>i<abbr rend="supraline">p</abbr><ex>s</ex>e</expan> <expan>d<ex>omi</ex><abbr rend="supraline">n</abbr><ex>u</ex>s</expan> t<expan><abbr rend="supraline">e</abbr><ex>m</ex></expan>ptatori suo. dum 
                        <lb/>esurienti sibi fraudulent<expan><abbr rend="supraline">a</abbr><ex>m</ex></expan> de ext<expan><am>&#x33E;</am><ex>er</ex></expan>ioris panis refectione sug
                        <lb break="no"/>gestionem faceret⸵ respondit dicens. <quote source="urn:cts:greekLit:tlg0031.tlg001.perseus-lat1:4.4"><expan><abbr rend="supraline">n</abbr><ex>on</ex></expan> in solo pane uiu<subst><del rend="expunct">e</del><add place="above">i</add></subst>t <expan>h<ex>om</ex><abbr rend="supraline">o</abbr></expan>. 
                            <lb/><expan>s<am>ꝫ</am><ex>ed</ex></expan> in <expan>om<ex>n</ex><abbr rend="supraline">i</abbr></expan> u<expan><am>&#x33E;</am><ex>er</ex></expan>bo <expan>q<ex>uo</ex><abbr rend="stroke">d</abbr></expan> <expan><am>ꝓ</am><ex>pro</ex><am>.</am><ex>cedit</ex> d<ex>e ore dei</ex></expan></quote>. ut a<expan><am>ꝑ</am><ex>per</ex></expan>te demonst<supplied reason="omitted" source="#DQS">ra</supplied>ret⸵ q<expan><am>&#x365;</am><ex>ui</ex></expan>a <surplus>q<expan><am>&#x365;</am><ex>ui</ex></expan></surplus> <expan><abbr rend="supraline">c</abbr><ex>um</ex></expan> <subst><del rend="erased"><expan><abbr rend="supraline">m</abbr><ex>en</ex></expan><unclear>u</unclear></del><add place="overstrike">m<expan><abbr rend="supraline">e</abbr><ex>n</ex></expan></add></subst>s illo int<expan><am>&#x33E;</am><ex>er</ex></expan>ius 
                        <lb/>pane reficit<expan><am>&#x1DD1;</am><ex>ur</ex></expan>⸵ <expan><abbr rend="supraline">n</abbr><ex>on</ex></expan> magno<surplus><!-- something added above the line? --> o</surplus><expan><am>ꝑ</am><ex>per</ex></expan>e<!-- 'magnopere' Baron --> curat si foris ad temp<expan><am>ꝰ</am><ex>us</ex></expan>⸵ fam<expan><abbr rend="supraline">e</abbr><ex>m</ex></expan> carnis 
                        <lb/>patiat<expan><am>&#x1DD1;</am><ex>ur</ex></expan>.</seg> <seg type="q" source="DQS#DOD-35:212ra[23]–212ra[24]">ex <expan>s<abbr rend="supraline">p</abbr><ex>irit</ex>u</expan> intelligentie mundicia cordis nascit<expan><am>&#x1DD1;</am><ex>ur</ex></expan>.</seg>
                </note>
                <lb/><l xml:id="DOD-7.3"><hi rend="spaced">S</hi>piritus intellectus. mundiciam creat <expan>i<abbr rend="supraline">p</abbr><ex>s</ex>e</expan>.</l>
                <note target="#DOD-7.4">
                    <lb/><del rend="erased"><expan><am>ꝯ</am><ex>con</ex></expan></del><seg type="q" source="DQS#DOD-36:212ra[24]–212ra[26]">m<expan><abbr rend="supraline">u</abbr><ex>n</ex></expan>dicia cordis uision<expan><abbr rend="supraline">e</abbr><ex>m</ex></expan> dei <expan><am>ꝓ</am><ex>pro</ex></expan>meret<expan><am>&#x1DD1;</am><ex>ur</ex></expan>. sicut script<expan><abbr rend="supraline">u</abbr><ex>m</ex></expan> <expan><abbr rend="supraline">e</abbr><ex>st</ex></expan>. <quote source="urn:cts:greekLit:tlg0031.tlg001.perseus-lat1:5.8">Beati m<expan><abbr rend="supraline">u</abbr><ex>n</ex></expan>do 
                            <lb/>corde <expan>q<ex>uonia</ex><abbr rend="supraline">m</abbr></expan> <expan>i<abbr rend="supraline">p</abbr><ex>s</ex>i</expan> <expan>d<ex>eu</ex><abbr rend="supraline">m</abbr></expan> uidebunt.</quote></seg>
                </note>
                <lb/><l xml:id="DOD-7.4"><hi rend="spaced">Q</hi>ua uirtute<add place="inline">⸵</add> dei confertur uisio felix.</l>
            </lg>
            <lg n="8">
                <note target="#DOD-8.1">
                    <lb/><seg type="q" source="DQS#DOD-37:212ra[26]"><num n="7">Septima</num> petitio <expan><am>∻</am><ex>est</ex></expan> <expan><am>ꝯ</am><ex>con</ex></expan>tra luxuri<expan><abbr rend="supraline">a</abbr><ex>m</ex></expan> qua <expan><abbr rend="stroke">d</abbr><ex>icitu</ex>r</expan>. <quote source="urn:cts:greekLit:tlg0031.tlg001.perseus-lat1:6.13">li<expan><abbr rend="stroke">b</abbr><ex>er</ex></expan>a nos a malo.</quote></seg>
                </note>
                <lb/><milestone unit="lg" rend="enlarged paraph blue"/><l xml:id="DOD-8.1"><hi rend="spaced">S</hi>eptima luxuri<expan><abbr rend="supraline">a</abbr><ex>m</ex></expan> remouere petitio digna⸵</l>
                <note target="#DOD-8.2">
                    <lb/><seg type="q" source="DQS#DOD-38:210vb[19]–210vb[20]">Luxuria hominem seduct<expan><abbr rend="supraline">u</abbr><ex>m</ex></expan> seruituti subicit.</seg>
                </note>
                <lb/><l xml:id="DOD-8.2"><hi rend="spaced">D</hi>icitur. hec hominem seduct<expan><abbr rend="supraline">u</abbr><ex>m</ex></expan> subicit. ut sit⸵</l>
                <note target="#DOD-8.3">
                    <lb/><num n="7">Septime</num> <seg type="q" source="DQS#DOD-39:212ra[29]–212ra[42]">petitioni dat<expan><am>&#x1DD1;</am><ex>ur</ex></expan> <expan>s<abbr rend="supraline">p</abbr><am>c</am><ex>iritus</ex></expan> sapientie. q<expan><am>&#x365;</am><ex>ui</ex></expan> amiss<expan><abbr rend="supraline">a</abbr><ex>m</ex></expan> captiuo li<expan><abbr rend="stroke">b</abbr><ex>er</ex></expan>tatem⸵ 
                        <pb n="44v"/>
                        <lb/>restituat <expan><am>⁊</am><ex>et</ex></expan> iugum inique <expan>d<ex>omi</ex><abbr rend="supraline">n</abbr>a</expan>tionis <expan>q<ex>uo</ex><abbr rend="stroke">d</abbr></expan> suis uiri<expan>b<am>ꝫ</am><ex>us</ex></expan> ille <expan><abbr rend="supraline">n</abbr><ex>on</ex></expan> 
                        <lb/>ualuit⸵ <expan><am>ꝑ</am><ex>per</ex></expan> <expan>g<abbr rend="supraline">r</abbr><ex>ati</ex>a</expan>m adiut<expan><am>ꝰ</am><ex>us</ex></expan> euadat. <mentioned>sapi<expan><abbr rend="supraline">e</abbr><ex>n</ex></expan>tia</mentioned> a<reg> </reg>sapore dicit<expan><am>&#x1DD1;</am><ex>ur</ex></expan>.<!-- 'cum' add. Baron --> M<expan><abbr rend="supraline">e</abbr><ex>n</ex></expan>s 
                        <lb/>gustu interne dulcedinis tacta⸵ totam se <expan><am>ꝑ</am><ex>per</ex></expan> desi<expan><abbr rend="stroke">d</abbr><ex>er</ex></expan>ium intus 
                        <lb/>colligit. nec foris iam en<expan><am>&#x33E;</am><ex>er</ex></expan>uit<expan><am>&#x33E;</am><ex>er</ex></expan> in carnis uoluptat<expan><abbr rend="supraline">e</abbr><ex>m</ex></expan> dissoluit<expan><am>&#x1DD1;</am><ex>ur</ex></expan>. 
                        <lb/>q<expan><am>&#x365;</am><ex>ui</ex></expan>a tot<expan><abbr rend="supraline">u</abbr><ex>m</ex></expan> int<expan><am>ꝰ</am><ex>us</ex></expan> possidet in<reg> </reg>quo delectat<expan><am>&#x1DD1;</am><ex>ur</ex></expan>. <expan><am>ꝯ</am><ex>con</ex></expan>grue <expan><ex>i</ex>g<am>&#x365;</am><ex>itur</ex></expan> <expan><am>ꝯ</am><ex>con</ex></expan>tra ext<expan><am>&#x33E;</am><ex>er</ex></expan>ior<expan><abbr rend="supraline">e</abbr><ex>m</ex></expan> 
                        <lb/>uoluptat<expan><abbr rend="supraline">e</abbr><ex>m</ex></expan>⸵ int<expan><am>&#x33E;</am><ex>er</ex></expan>ior dulcedo <add place="above">op</add>ponitur. ut q<expan><am>&#x1DD3;</am><ex>ua</ex></expan>nto illa pl<expan><am>ꝰ</am><ex>us</ex></expan> sapere 
                        <lb/><expan><am>⁊</am><ex>et</ex></expan> placere ince<expan><am>ꝑ</am><ex>per</ex></expan>it⸵ <del rend="strikethrough expunct"><expan><abbr rend="supraline">i</abbr><ex>n</ex></expan>t<expan><am>&#x33E;</am><ex>er</ex></expan>ior</del> tanto li<expan><abbr rend="stroke">b</abbr><ex>er</ex></expan>i<expan><am>ꝰ</am><ex>us</ex></expan> at<expan>q<am>ꝫ</am><ex>ue</ex></expan> libenti<expan><am>ꝰ</am><ex>us</ex></expan> ista <expan><am>ꝯ</am><ex>con</ex></expan>t<expan><abbr rend="supraline">e</abbr><ex>m</ex></expan>pnat<expan><am>&#x1DD1;</am><ex>ur</ex></expan>. 
                        <lb/>tandem<!-- 'tandemque' Baron --> pacificata in semet <expan>i<abbr rend="supraline">p</abbr><ex>s</ex>a</expan> mens d<expan><abbr rend="supraline">u</abbr><ex>m</ex></expan> nichil <expan><am>∻</am><ex>est</ex></expan> <expan>q<ex>uo</ex><abbr rend="stroke">d</abbr></expan> foris ap<pc rend="hyphen"/>
                        <lb break="no"/>petat⸵ tota <expan><am>ꝑ</am><ex>per</ex></expan><add place="inline"> </add>amorem intus requiescat.</seg>
                </note>
                <lb/><l xml:id="DOD-8.3"><hi rend="spaced">S</hi>eruus. Donatur sapientia spiritualis⸵</l>
                <note target="#DOD-8.4 #DOD-8.5 #DOD-8.6 #DOD-8.7">
                    <lb/><seg type="q" source="DQS#DOD-40:212ra[42]–212rb[7]">Spirit<expan><am>ꝰ</am><ex>us</ex></expan> sapientie cor sua dulcedine tangens⸵ <expan><am>⁊</am><ex>et</ex></expan> foris <expan><am>ꝯ</am><ex>con</ex></expan>cupisc<expan><abbr rend="supraline">e</abbr><ex>n</ex></expan>tie 
                        <lb/>ardorem t<expan><abbr rend="supraline">e</abbr><ex>m</ex></expan><expan><am>ꝑ</am><ex>per</ex></expan>at⸵ <expan><am>⁊</am><ex>et</ex></expan> sopita <expan><am>ꝯ</am><ex>con</ex></expan>cupisc<expan><abbr rend="supraline">e</abbr><ex>n</ex></expan>tia int<expan><am>ꝰ</am><ex>us</ex></expan> pac<expan><abbr rend="supraline">e</abbr><ex>m</ex></expan> creat. quatin<expan><am>ꝰ</am><ex>us</ex></expan> 
                        <lb/>dum mens tota ad<reg> </reg>intern<expan><abbr rend="supraline">u</abbr><ex>m</ex></expan> gaudi<expan><abbr rend="supraline">u</abbr><ex>m</ex></expan> colligitur⸵ plene <expan><am>⁊</am><ex>et</ex></expan> <expan><am>ꝑ</am><ex>per</ex></expan>fecte 
                        <lb/>homo ad ymaginem dei reformet<expan><am>&#x1DD1;</am><ex>ur</ex></expan>. sicut scriptum <expan><abbr rend="supraline">e</abbr><ex>st</ex></expan>. <quote source="urn:cts:greekLit:tlg0031.tlg001.perseus-lat1:5.9">Beati pa<pc rend="hyphen"/>
                            <lb break="no"/>cifici <expan>q<ex>uonia</ex><abbr rend="supraline">m</abbr></expan> fili<hi rend="longa">i</hi> dei uocabunt<expan><am>&#x1DD1;</am><ex>ur</ex></expan>.</quote></seg>
                </note>
                <lb/><l xml:id="DOD-8.4"><hi rend="spaced">H</hi>ac prece. feruorem<expan>q<am>ꝫ</am><ex>ue</ex></expan> foris sapientia sedat.</l>
                <lb/><l xml:id="DOD-8.5"><hi rend="spaced">S</hi>opito<expan>q<am>ꝫ</am><ex>ue</ex></expan> malo motu<add place="inline">⸵</add> pacem creat int<expan><am>ꝰ</am><ex>us</ex></expan>.</l>
                <lb/><l xml:id="DOD-8.6"><hi rend="spaced">S</hi>ic<expan>q<am>ꝫ</am><ex>ue</ex></expan> reformatur homo. Pax facit ut sit⸵</l>
                <lb/><l xml:id="DOD-8.7"><hi rend="spaced">F</hi>ili<expan><am>ꝰ</am><ex>us</ex></expan> <expan>i<abbr rend="supraline">p</abbr><ex>s</ex>e</expan> dei collata pace superna.</l>
                <note target="#DOD-8.8 #DOD-8.9 #DOD-8.10">
                    <lb/><seg type="q" source="DQS#DOD-41:210va[35]–210va[40]">Intellige<!-- 'ut intelligas' Baron --> <expan>i<abbr rend="supraline">p</abbr><ex>s</ex>a</expan> uicia quasi q<expan><am>&#x366;</am><ex>uo</ex></expan>sdam esse <expan>a<ex>n</ex><abbr rend="supraline">i</abbr><ex>m</ex>e</expan> languores siue uulnera in
                        <lb break="no"/>terioris <expan>hom<ex>in</ex><abbr rend="supraline">i</abbr></expan>s. <expan>i<abbr rend="supraline">p</abbr><ex>su</ex>m</expan> <expan>u<am>&#x366;</am><ex>ero</ex></expan> homin<expan><abbr rend="supraline">e</abbr><ex>m</ex></expan>⸵ quasi egrot<expan><abbr rend="supraline">u</abbr><ex>m</ex></expan>. Medic<expan><abbr rend="supraline">u</abbr><ex>m</ex></expan>⸵ <expan>d<ex>eu</ex><abbr rend="supraline">m</abbr></expan>. Dona 
                        <lb/>spirit<expan><am>ꝰ</am><ex>us</ex></expan> <expan>s<ex>an</ex><abbr rend="supraline">c</abbr><ex>t</ex>i</expan>⸵ antidot<expan><abbr rend="supraline">u</abbr><ex>m</ex></expan>. Virtutes⸵ sanitates.<!-- 'sanitatem' Baron --> Beatitudines⸵ felicita
                        <lb break="no"/>tis gaudium.</seg>
                </note>
                <lb/><l xml:id="DOD-8.8"><hi rend="spaced">L</hi>anguores hominis dominus fugat interioris⸵</l>
                <lb/><l xml:id="DOD-8.9"><hi rend="spaced">T</hi>ali<expan>b<am>ꝫ</am><ex>us</ex></expan> antidotis facit hunc uirtute uigentem.</l>
                <lb/><l xml:id="DOD-8.10"><hi rend="spaced">E</hi>t bene sonato felicia gaudia <expan><am>ꝯ</am><ex>con</ex></expan>fert.</l>
            </lg>
        </body>
    </text>
</TEI>
