<?xml-model href="http://www.tei-c.org/release/xml/tei/custom/schema/relaxng/tei_all.rng" type="application/xml" schematypens="http://relaxng.org/ns/structure/1.0"?>
<TEI xmlns="http://www.tei-c.org/ns/1.0">
<teiHeader xml:lang="eng">
    <fileDesc>
        <titleStmt>
            <title level="m" type="main">Hannah Whitman Heyde to Louisa Van Velsor Whitman &#91;July 1856&#93;</title>
            <author>Hannah Whitman Heyde</author>
            <editor>Maire Mullins</editor>
            <respStmt>
                <resp>transcription and encoding</resp>
                <name xml:id="kb">Kelsey Barkis</name><name xml:id="er">Eliza B. Riegert</name>
                <name xml:id="as">Allan Spencer</name>
            </respStmt>
            <respStmt>
				<resp>Editing and proofreading</resp>
				<name xml:id="mm">Maire Mullins</name>		
            </respStmt>
        </titleStmt>
        <editionStmt>
            <edition>
                <date>2016</date>
            </edition>
        </editionStmt>
        <publicationStmt>
            
            <authority>Scholarly Editing: The Annual of the Association for Documentary
                Editing</authority>
            <address>
                    <addrLine>http://www.scholarlyediting.org</addrLine>
                </address>
            <publisher>Association for Documentary Editing</publisher>
            <publisher>University of Nebraska&#8211;Lincoln</publisher>
            <distributor>
                <name>Center for Digital Research in the Humanities</name>
                <address>
                        <addrLine>319 Love Library</addrLine>
                        <addrLine>University of Nebraska&#8211;Lincoln</addrLine>
                        <addrLine>Lincoln, NE 68588-4100</addrLine>
                        <addrLine>http://cdrh.unl.edu</addrLine>
                    </address>
            </distributor>
            <date><!-- Year --></date>
            <availability>
                <p>Scholarly Editing: The Annual of the Association for Documentary Editing is
                    freely distributed by the Association for Documentary Editing and the Center for
                    Digital Research in the Humanities at the University of Nebraska-Lincoln and
                    licensed under a Creative Commons Attribution-NonCommercial-ShareAlike 3.0
                    Unported License</p>
            </availability>
            <idno type="file">LOC008hwhlvvw71856</idno>
            <idno type="edition">whitmanheydeletters</idno>
        </publicationStmt>
        <seriesStmt>
            <title level="j">Scholarly Editing: The Annual of the Association for Documentary
                Editing</title>
            <respStmt>
                <resp>editor</resp>
                <name xml:id="ag">Amanda Gailey</name>
            </respStmt>
            <respStmt>
                <resp>editor</resp>
                <name xml:id="awj">Andrew Jewell</name>
            </respStmt>
            <idno type="vol"><!-- The Journal's volume number --></idno>
            <idno type="ISSN">2167-1257</idno>
        </seriesStmt>
        <sourceDesc>
            <bibl>
                <author>Hannah Whitman Heyde</author>
                <title>Hannah Whitman Heyde to Louisa Van Velsor Whitman, &#91;July 1856&#93;</title>
                <orgName>Trent Collection of Whitmaniana, David M. Rubenstein Rare Book &#38; Manuscript Library, Duke University
                </orgName>
                <note type="project">Transcribed from the original manuscript, then editing and annotated by Maire Mullins
                </note> 
                <date when="1856-07">&#91;July 1856&#93;</date>
            </bibl>
        </sourceDesc>
    </fileDesc>
    <revisionDesc>
        <change when="2015-09-11" who="#mm">proofread and edited</change>
        <change when="2015-07-21" who="#mp">encoded</change>
        <change when="2015-09-06" who="#mp">encoded annotations</change>
        <change when="2016-04-01" who="#mm">proofread and edited</change>
        <change when="2016-04-24" who="#mm">proofread and edited</change>
        <change when="2016-04-29" who="#mm">proofread and edited</change>
    </revisionDesc>
</teiHeader>

    <text type="letter">
        <body><pb facs="DUKE008hwhlvvw071856.01.jpg"/>
            <opener>
                <dateline>
                    <name type="Burlington">Burlington</name>
                    <date when="1856">Sunday Afternoon</date><note xml:id="n1" type="editorial" resp="jse">This letter has no date, but can be tentatively dated as July 1856.  In her letter from June 1856 &#40;not included in this edition&#41;, Hannah mentions Mr. Lomas; in this letter, she reports that Heyde is going to Union Underhill to “paint a picture for Mr. Lomas.”  It is possible that Hannah is referring to “Mount Mansfield,” painted from Underhill, listed as #1 &#40;c. 1857&#41; in the “catalogue raisonne,” <hi rend="italics">Charles Louis Heyde: Nineteenth&#8211;Century Vermont Landscape Painter</hi>, ed. Nancy Price Graff and E. Thomas Pierce &#40;Burlington, Vermont: Robert Hull Fleming Museum, University of Vermont, 2001&#41;, 60.</note>
                </dateline>
                <salute>Dear Mother,</salute>
            </opener>
     
            <p>I was more than ever glad to get your letters, I was just writing to you when your last letter came, I was glad to hear about them all. Glad Jeffy<note xml:id="n2" type="editorial" resp="jse">	Thomas Jefferson Whitman  &#40;1833&#8211;1890&#41;,“Jeff,” was the eighth child of Walter and Louisa Whitman. Walt’s favorite brother, Jeff played the piano and had a lively sense of humor. Hannah refers to Jeff’s health in several of her preceding letters, beginning in December 1855.</note> has got well, things seem to go along smoothly at home. I am glad George<note xml:id="n3" type="editorial" resp="jse">	George Washington Whitman &#40;1829&#8211;1901&#41; was the seventh child of Walter and Louisa Whitman, and ten years younger than Walt. George learned to read and write as a pupil under his older brother Walt &#40;who briefly served as a schoolteacher in Long Island&#41;, and worked as a carpenter prior to his military service during the Civil War.</note> comes up to tea every Sunday. What a good fellow he is, &#38; Is it a cool nice place where you live mother. How do you stand the hot weather I hope you hire some one to do the washing and some of the hardest work, Things goes worse and worse with me. Charlie abuses me worse than ever, there is nothing bad but what I do if I was one quarter as bad as he says I would be the worst woman that ever drew breath he says I am the torment of his life he told me yesterday to just pack my trunk and clear out. I never stood so much abuse from him as now, and Mother you may believe it or not I never speak unkindly to him or do <choice><sic>any thing</sic><corr>anything</corr></choice> intentionally to irritate or annoy him, you nor <choice><sic>any one</sic><corr>anyone</corr></choice> would think it possible it could be so if I should tell you <pb facs="DUKE008hwhlvvw071856.02.jpg"/>what slight things make him angry, sometimes I really feel as if I could not possibly bear it, but what can I do. To save my life I <choice><sic>cant</sic><corr>can't</corr></choice> help his getting angry. He is very violent he is ugly. I feel as if I must sometimes speak of it to <choice><sic>some one</sic><corr>someone</corr></choice>, and Mother I don’t think you will mind it or feel bad about it.</p>
            <p>Every one is apt to think they are not to blame always ready to excuse themselves. I was the cause of of our living this way, then I would have some hopes for the future, I have one consolation I don’t think he can possibly be worse than he has been lately. If I knew what to do, or was young and strong I should never bear it. You may think Mother <choice><sic>its</sic><corr>it's</corr></choice> no use talking or complaining  about when it will do no good, but it is some consolation, if I think I deserved it, it would not be so hard, for a week or two he has been travelling about some different places, he has been to Port Kent, and about he was a night and day at Keesville hired a carriage in order to see as much as possible he returned Friday from White river Junction <note xml:id="n4" type="editorial" resp="jse">Port Kent, New York, is on the western shore of Lake Champlain, across the lake and a little north from Burlington.  Keeseville, New York, is four miles inland from Port Kent, south and west. Hannah is describing two separate painting excursions: one to New York, one to Massachusetts. White River Junction is in Vermont, ninety miles southeast of Burlington. Heyde must have stopped at White River Junction on his way back from Concord and Boston.</note> <pb facs="DUKE008hwhlvvw071856.03.jpg"/>
            
            He had been to Concord a little way from Boston Saturday he was at and High Bridge<note xml:id="n5" type="editorial" resp="jse">Located on the Winooski River, high bridge was one of the scenes Heyde painted often; at least seventeen of his paintings are titled from this locale.  See, for instance “Study on the Winooski” and “Winooski River High Bridge,” in <hi rend="italic">Charles Louis Heyde: Nineteenth-Century Vermont Landscape Painter</hi>, ed. Nancy Price Graff and E. Thomas Pierce (Burlington, Vermont: Robert Hull Fleming Museum, U of Vermont, 2001), 68-72. The Winooski River winds through north Burlington.</note> he says I prevent his going about, you at home prevent him just as much as I do. I am always cheerful and pleased to have do just as he likes, being here alone without my friends or <choice><sic>acquaintences</sic><corr>acquiantances</corr></choice> scarcely I have thought more of Charlie than I ever did, perhaps, having no one but him, the other night he came home from Mr. Lomas<note xml:id="n6" type="editorial" resp="jse">More than likely this is a reference to Edward C.Loomis (1810-?).  Edward owned a leather and saddle business in Burlington in the 1850s.  See David J. Blow, <hi rend="italic">Historic Guide to Burlington  Neighborhoods</hi> &#40;Burlington, Vermont: Chittenden County Historical Society, 1991&#41;,1:47.</note> &#8212; I had just returned from the Post Office it was late and it was closed, I was pleasant and cheerful as one could be I said pleasantly why Charlie <choice><sic>your</sic><corr>you're</corr></choice> late never thought of its making him angry that was all I said he said soon as he came in the house I began to hen peck him he must give an account of every minute, he was a <choice><sic>damed</sic><corr>damned</corr></choice> slave, he talked himself as angry as he could be I told him again and again I did not mean to offend him, I was not the least in the world angry I had nothing to get angry at when he came up stairs again, &#40;he had talked himself violent and had went out&#41; I was the same as usual &#40;but Mother sometimes I feel angry enough not often but on account of his being so dreadful violent I am afraid of him <choice><sic>to</sic><corr>too</corr></choice> much to say the least thing cross&#41; I had my room cleaned and that day in a little jog in one corner I had a very small stove, I told the chamber maid to have the stove nicely cleaned and put up again &#40;there is not a lady boarding here that has the stove taken down in summer they keep them up on account of the damp days near the Lake&#41; but I never wished mine left up for that, sometimes when I am sick it was useful, where it stood it was not in the way and Charlie is in my room very little, just after he went to bed I was talking cheerful I said Charlie they never put my stove up again <pb facs="DUKE008hwhlvvw071856.04.jpg"/> he said he told them when he wished them to put it up again he would tell them, I said why Charlie how unkind that was &#40;I had told Charlie why I wished it up&#41; he was so angry he got up and dressed himself he said everything bad to me he possibly could, said he would take another room I would not let him sleep he had his business to attend I caught hold of him and begged him not to go he pushed me away said my tongue was bad enough, to not touch him, he complained of me to the clerk and took a room on the same floor I was of course half crazy I went to bed I shook just as if I had an ague About one O clock I got up and went in the entry I did not know that he had another room, he heard me and <gap reason="illegible"/> out, it makes some talk of course about Hotel I have to bear the blame, I am willing should be so, <choice><sic>its</sic><corr>it's</corr></choice> necessary he should be respected to succeed in his profession. The chamber maid and others have spoke of his being the habit of speaking of me to Mrs. Blodgett the landlady. They only say he was often in her room I understood it because I once overheard him speaking or complaining to her, but did not know he was in the habit of doing so he was away when they told me. I have reason or indeed by what he said I know that he was has spoke very ill of me to her. 
                Mother dear <choice><sic>dont</sic><corr>don't</corr></choice> <choice><sic>immagine</sic><corr>imagine</corr></choice> I think Charlie cares for <choice><sic>Mrs</sic><corr>Mrs.</corr></choice> Blodgett<note xml:id="n7" type="editorial" resp="jse">Mrs. Blodgett was the wife of one of the owners of the Exchange Hotel in Burlington, Vermont, where the Heydes stayed intermittently during the 1850s.  Hannah refers to the Exchange in many of her letters. After 1858, it was called the Lake House.  See John C. Wriston, Jr., <hi rend="italic">Vermont Inns and Taverns, Pre-Revolution to 1925 </hi> &#40;Rutland, Vermont: Academy Books, 1991 &#41;, 158.</note> opinion more than <choice><sic>any ones</sic><corr>anyone's</corr></choice> he only wishes it be or persons to think he is not to blame for any noise or confusion or disputes we have he is the most affable pleasant man when he is in company I ever saw<pb facs="DUKE008hwhlvvw071856.05.jpg"/>  My life, he can leave my room with the most horrid mouth and be as pleasant as <choice><sic>any one</sic><corr>anyone</corr></choice> you ever saw to <choice><sic>any one</sic><corr>anyone</corr></choice> he meets, there can only be to him one cause &#40;he cannot hardly bear me everything I do or say is <choice><sic>dissagreable</sic><corr>disagreeable</corr></choice>to him&#41; for Mother improbable as it may seem to you I am not to blame. If I could avoid it I would for I do not see any comfort I am unhappy enough, he always tries to make me appear ill, the other morning at breakfast Mrs. Van Sicklen spoke of a place near here Mansfield being very lovely she spoke of another place I said that is quite different from Mansfield<note xml:id="n8" type="editorial" resp="jse">Mansfield mountain &#40;also known as Mount Mansfield &#41;, is forty-five miles northeast of Burlington.  Vermont’s highest mountain, its dramatic outline on the horizon is clearly visible from Burlington.  Mount Mansfield may have been Heyde’s favorite subject; in over twenty&#8211;five paintings he captured various views of the mountain.</note> Charlie said to me <hi rend="underlined">you</hi> have no taste for such things and continued the conversation with Mrs. Van Sicklen those little things appear slight to write about. I am very quite foolishly sensitive. Charlie is noticed here very considerable he is made very much of he is going to Union Underhill to paint a picture for Mr Lomas. I shall <pb facs="DUKE008hwhlvvw071856.06.jpg"/>go if I do not go home I have not finished the shirts yet he wishes me to make eight since he has been away I have been fixing myself some dresses. I want you to write to me when you can you at home are all I have Charlie does not <gap reason="illegible"/> read your letters now I felt bad about it I asked him to. the last one came when he was away, he gets angry at such slight things, I dont know how what I should do to support myself without him sometimes he is so ugly it is more than human nature can bear yesterday he got angry because I asked for some things if I went with him to Underhill he is generally scolding a while will give me money to get them gets every little thing for himself I like to do so of course, he got a very pretty and large pair of gold buttons, I should not ask for anything if he was not able to afford it.</p>
            <closer>
                <salute>Good Bye Mamy</salute>
                <signed>Han</signed>
            </closer>
            <postscript><p>Mother I do not complain because I want sympathy. I have not misrepresented <choice><sic>any thing</sic><corr>anything</corr></choice>.</p></postscript>
        </body>
    </text>
</TEI>
