<?xml-model href="http://www.tei-c.org/release/xml/tei/custom/schema/relaxng/tei_all.rng" type="application/xml" schematypens="http://relaxng.org/ns/structure/1.0"?>
<TEI xmlns="http://www.tei-c.org/ns/1.0">
    <teiHeader xml:lang="eng">
<fileDesc>
<titleStmt>
<title type="main" level="m">Hannah Whitman Heyde to Louisa Van Velsor Whitman, July &#91;29, 1855&#93;</title>
<author>Hannah Whitman Heyde</author>
<editor role="main">Maire Mullins</editor>

<respStmt>
<resp>Transcription and encoding</resp>
<persName xml:id="mn">Madison Neill</persName>
<persName xml:id="er">Eliza B. Riegert</persName>
<persName xml:id="mp">Madison Perrin</persName>
</respStmt>
    <respStmt>
<resp>Editing and proofreading</resp>
<persName xml:id="mm">Maire Mullins</persName>
</respStmt>
</titleStmt>
<editionStmt>
<edition>
<date>2016</date>
</edition>
</editionStmt>
<publicationStmt>

            <authority>Scholarly Editing: The Annual of the Association for
            Documentary Editing</authority>
            <address>
                    <addrLine>http://www.scholarlyediting.org</addrLine>
            </address>
            <publisher>Association for Documentary Editing</publisher>
            <publisher>University of Nebraska&#8211;Lincoln</publisher>
            <distributor>
                <name>Center for Digital Research in the Humanities</name>
                <address>
                        <addrLine>319 Love Library</addrLine>
                        <addrLine>University of Nebraska&#8211;Lincoln</addrLine>
                        <addrLine>Lincoln, NE 68588-4100</addrLine>
                        <addrLine>http://cdrh.unl.edu</addrLine>
                    </address>
            </distributor>
            <date><!-- Year --></date>
            <availability>
                <p>Scholarly Editing: The Annual of the Association for Documentary
                   Editing is freely distributed by the Association for Documentary
                   Editing and the Center for Digital Research in the Humanities at
                   the University of Nebraska-Lincoln and licensed under a Creative
                   Commons Attribution-NonCommercial-Share Alike 3.0 Unported
                   License</p>
            </availability>
    <idno type="file">LOC004hwhlvvw7291855</idno>
    <idno type="edition">whitmanheydeletters</idno>
</publicationStmt>
<seriesStmt>
            <title level="j">Scholarly Editing: The Annual of the Association for
             Documentary Editing</title>
            <respStmt>
                <resp>editor</resp>
                <name xml:id="ag">Amanda Gailey</name>
            </respStmt>
            <respStmt>
                <resp>editor</resp>
                <name xml:id="awj">Andrew Jewell</name>
            </respStmt>
            <idno type="vol"><!-- The Journal's volume number --></idno>
            <idno type="ISSN">2167-1257</idno>
</seriesStmt>
<sourceDesc>
                <bibl>
                    <author>Hannah Whitman Heyde</author>
                    <title>Hannah Whitman Heyde to Walt Whitman, July &#91;29, 1855&#93;</title>
                    <date cert="medium" when="1855-07-29" xml:id="dat1">July 29, 1855</date>
                    <orgName xml:id="col">Hannah Louisa Whitman Heyde Papers, 1853-1892, Library of Congress, Washington, D.C.</orgName>
					<note type="project">Transcribed from the original manuscript, then edited and annotated by Maire Mullins</note>
                
                </bibl>
            </sourceDesc>
        </fileDesc>
        <profileDesc>
            <particDesc>
                <person role="sender">
                    <persName key="Heyde, Hannah Whitman">Hannah Whitman Heyde</persName>
                </person>
                <person role="recipient">
                    <persName key="Louisa Van Velsor Whitman">Louisa Van Velsor Whitman</persName>
                </person>
            </particDesc>
        </profileDesc>
        <revisionDesc>
        	<change when="2015-06-16" who="#mm">checked</change>
            <change when="2015-05-20" who="#kb">encoded</change>
            <change when="2015-09-09" who="#mp">encoded annotations</change>
			<change when="2015-09-11" who="#mm">proofread</change>
            <change when="2016-04-01" who="#mm">proofread</change>
            <change when="2016-04-24" who="#mm">proofread and revised punctuation</change>
            <change when="2016-04-29" who="#mm">proofread and revised punctuation</change>
        </revisionDesc>
    </teiHeader>
    <text type="letter">
        <body><pb facs="LOC004hwhlvvw7291855.01.jpg"/>
            <opener>
                <dateline>
                    <name type="place">Rutland Bardwell House</name>
                    <date>Sunday evening July</date> <note xml:id="n1" type="editorial" resp="jse">This letter dates to July 29, 1855.  Hannah refers to "Sunday," which fell on July 29 in 1855.  In her previous letter, &#40; July 24 &#41; Hannah mentions a forthcoming raffle for a painting Charles has completed; in this letter, she tells Mother Whitman that the raffle was cancelled since the painting was purchased for &#36;125.00.</note>
                </dateline>
                <salute>Dear Mother,</salute>
            </opener>
            <p>we did not get your letter <choice><sic>untill</sic><corr>until</corr></choice> yesterday &#40;Saturday&#41; I was glad when I did hear from home I began to feel anxious quite <choice><sic>disagreable</sic><corr>disagreeable</corr></choice> and uneasy I thought you was either sick or had gone away  I thought that day I would write to George<note xml:id="n2" type="editorial" resp="jse">George Washington Whitman &#40;1829-1901&#41; was the seventh child of Walter and Louisa Whitman, and ten years younger than Walt.  George learned to read and write as a pupil under his older brother Walt &#40; who briefly served as a schoolteacher in Long Island &#41;, and was trained in carpentry.</note> at his boarding house your letter being directed Bellows Falls<note xml:id="n3" type="editorial" resp="jse">Bellows Falls, on the banks of the Connecticut River, is in southeast Vermont, and was accessible by railroad in the early 1850s. Heyde's painting, "Bellows Falls from the Bridge, south view," is dated 1855; he also painted many versions of Saxtons River, not far from Bellows Falls.  See <hi rend="italics">Charles Louis Heyde: Nineteenth&#8211;Century Vermont Landscape Painter </hi>, ed. Nancy Price Graff and E. Thomas Pierce &#40;Burlington, Vermont: Robert Hull Fleming Museum, U of Vermont, 2001&#41;, 89&#8211;90.</note> was delayed some days, dear Mother if you direct your letters, Rutland<note xml:id="n4" type="editorial" resp="jse">Rutland is in southwest Vermont, and was the central hub for the Rutland Railroad line in the 1850s.</note> Vermont and if you like Bardwell House we will get them direct Charlie has no idea of returning to Bellows Falls at any time, I don't know how long he will remain here not a very long time, I  wish Mother you would write as soon as you get this, for <choice><sic>its</sic><corr>it's</corr></choice> uncertain how long we shall stay. If he should paint some views at Southerland Falls<note xml:id="n5" type="editorial" resp="jse">Southerland Falls &#40;also known as Sutherland Falls&#41;, in Proctor, Vermont, is ten miles north of Rutland.</note> &#40;but he does not hardly think he will&#41; he will remain two or three weeks the <choice><sic>accomodations</sic><corr>accommodations</corr></choice> at the Falls are not comfortable at a high board <choice><sic>comparativly</sic><corr>comparatively</corr></choice></p>
            <p>I should like to hear from home again <choice><sic>its</sic><corr>it's</corr></choice> <choice><sic>sometime</sic><corr>some time</corr></choice> since you wrote and Mother I feel somehow a sort of anxiety or I hardly know how to tell you I was so afraid something was the matter when you did not write I cannot tell you how I felt <choice><sic>untill</sic><corr>until</corr></choice> I read your letter, but I have not been well ever since <choice><sic>Jeffys</sic><corr>Jeffy's</corr></choice><note xml:id="n6" type="editorial" resp="jse">Thomas Jefferson Whitman(1833-1890),"Jeff," was the eighth child of Walter and Louisa Whitman. Walt's favorite brother, Jeff played the piano and had a lively sense of humor. Hannah may be referring to a letter Jeff sent to her about the death of their father, Walter Whitman Sr., who died July 11, 1855.</note> letter, It was very sudden and improbable as it may seem unexpected to me I should not have felt so much if I could have seen Father before he was insensible while he knew me, I have very much to regret.</p>
            <p>I am glad you keep well Mother I feel pretty well now but have been quite weak and <pb facs="LOC004hwhlvvw7291855.02.jpg"/>miserable, what do you think Mother of my coming home for a week or two not longer if Charlie goes to Burlington in a few days as he talks of I should be so very far from home and probably he will go still further up the lake he expects to remain some time, somewhere on Lake Champlain,<note xml:id="n7" type="editorial" resp="jse">Lake Champlain is one of the largest freshwater lakes in the United States.  Burlington, Vermont, is located on its east shore.  The lake sits in a valley between the Green Mountains of Vermont and the Adirondacks of New York.</note> and he thinks of going quite soon. I wish much to see you all before I go so far, and I wish to have some black dresses and bonnet<note xml:id="n8" type="editorial" resp="jse">Hannah wishes to wear black, the traditional color of mourning.</note> I do not like to wear such things as I have now, first I did not care, it made no difference    but now I do not like to wear a pink or light dress and if one feels as I do, I think <choice><sic>its</sic><corr>it's</corr></choice> right to do as you feel. I cannot tell <choice><sic>any one</sic><corr>anyone</corr></choice> how I feel about it. It is not for the looks, or for others <choice><sic>its</sic><corr>it's</corr></choice> for myself for my own feelings, I do not wish <choice><sic>any thing</sic><corr>anything</corr></choice> that would be much <choice><sic>expence</sic><corr>expense</corr></choice> and I think Charlie will be willing, Mother I wish you to would write as soon as possible I wish to know about my <choice><sic>comeing</sic><corr>coming</corr></choice> home if you are going away to Mary's<note xml:id="n9" type="editorial" resp="jse">Mary Elizabeth Whitman Van Nostrand &#40;1821&#8211;1899&#41; was the third child of Walter Whitman and Louisa Van Velsor Whitman, and Hannah's older &#40;and only&#41; sister.  Mary married Ansel Van Nostrand, a shipbuilder, in 1840 and moved to Greenport, Long Island, a whaling town.  Hannah and Walt visited her there before Hannah's marriage to Heyde.  Mary and Ansel had five children: George, Fanny, Louisa, Ansel, and Minnie.  See Katherine Molinoff, <hi rend="italics">Some Notes on Whitman's Family</hi> &#40;Brooklyn: Comet, 1941&#41;, 3&#8211;4.</note>, send me word, I don't know positively as I shall come home, write and tell me what you think it will be of course <choice><sic>fatigueing</sic><corr>fatiguing</corr></choice> but I wish to see you and I cannot get things here or any bonnet here, but I am not particular</p>
            <p>Charlie did not have his painting raffled for he sold it for &#36;125 he has no others he has not been at work since we left B.F.<note xml:id="n10" type="editorial" resp="jse">Hannah's abbreviation for Bellows Falls, Vermont.</note> I have much more to tell you next time &#8212;Give my love to my brothers dear mother</p>
            <p>Charlie sends his love</p>
            <p>when we go to Burlington we will let you know write immediately</p>
            <closer>
                <salute><choice><sic>Good Bye</sic><corr>Goodbye</corr></choice></salute>
                <signed>Han</signed>
            </closer>
        </body>
    </text>
</TEI>