<?xml-model href="http://www.tei-c.org/release/xml/tei/custom/schema/relaxng/tei_all.rng" type="application/xml" schematypens="http://relaxng.org/ns/structure/1.0"?>
<TEI xmlns="http://www.tei-c.org/ns/1.0">
<teiHeader xml:lang="eng">
<fileDesc>
<titleStmt>
<title type="main" level="m">Hannah Whitman Heyde to Walt Whitman May 14, 1889</title>
<author>Hannah Whitman Heyde</author>
<editor role="main">Maire Mullins</editor>
<editor role="assistant">Madison Perrin</editor>
<respStmt>
<resp>Transcription and encoding</resp>
<name xml:id="kb">Kelsey Barkis</name>
<name xml:id="mp">Madison Perrin</name>
</respStmt>
<respStmt>
<resp>Editing and proofreading</resp>
<name xml:id="mm">Maire Mullins</name>
</respStmt>
</titleStmt>
<editionStmt>
<edition>
<date>2016</date>
</edition>
</editionStmt>
<publicationStmt>

<authority>Scholarly Editing: The Annual of the Association for Documentary Editing</authority>
<address>
<addrLine>http://www.scholarlyediting.org</addrLine>
</address>
<publisher>Association for Documentary Editing</publisher>
<publisher>University of Nebraska-Lincoln</publisher>
<distributor><name>Center for Digital Research in the Humanities</name>
<address><addrLine>319 Love Library</addrLine>
<addrLine>University of Nebraska-Lincoln</addrLine>
<addrLine>Lincoln, NE 68588-4100</addrLine>
<addrLine>http://cdrh.unl.edu</addrLine></address></distributor>
<date>2016</date>
<availability>
<p>Scholarly Editing: The Annual of the Association for Documentary Editing is freely distributed by the Association for 
Documentary Editing and the Center for Digital Research in the Humanities at the University of Nebraska-Lincoln and licensed 
under a Creative Commons Attribution-NonCommercial-ShareAlike 3.0 Unported License</p>
</availability>
    <idno type="file">LOC019hwhww5141889</idno>
    <idno type="edition">whitmanheydeletters</idno>
</publicationStmt>
<seriesStmt><title level="j">Scholarly Editing: The Annual of the Association for Documentary Editing</title>
<respStmt>
                <resp>editor</resp>
                <name xml:id="ag">Amanda Gailey</name>
            </respStmt>
            <respStmt>
                <resp>editor</resp>
                <name xml:id="awj">Andrew Jewell</name>
            </respStmt>
            <idno type="vol"><!-- The Journal's volume number --></idno>
            <idno type="ISSN">2167-1257</idno>
</seriesStmt>
<sourceDesc>
<bibl>
<author>Hannah Whitman Heyde</author>
<title>Hannah Whitman Heyde to Walt Whitman, May 14, 1889</title>
<date xml:id="dat1" when="1889-05-14" cert="high">May 14, 1889</date>
<orgName xml:id="col">Hannah Louisa Whitman Heyde Papers, 1853-1892, Library of Congress, Washington, DC</orgName>
   
</bibl>
</sourceDesc>
</fileDesc>
<profileDesc>
<particDesc>
<person role="sender">
<persName key="Heyde, Hannah Whitman">Hannah Whitman Heyde</persName>
</person>
<person role="recipient">
<persName key="Whitman, Walt">Walt Whitman</persName>
</person>
</particDesc>
</profileDesc>
<revisionDesc>
<change when="2015-07-01" who="#kb">encoded</change>
<change when="2015-08-28" who="#mp">encoded annotations</change>
<change when="2015-09-05" who="#mm">edited and proofread</change>
</revisionDesc>
</teiHeader>
<text type="letter">
    <body><pb facs="LOC019hwhww05141889.01.jpg"/>
<opener>
<dateline>
<name type="place">Burlington Vt. Tuesday</name>
<date when="1889-05-14">May 14 [1889]<note xml:id="n1" type="editorial" resp="jse">Richard Maurice Bucke dated this letter 1889, which is consonant with Hannah's reference 
to Walts wheel chair, and to her comment about the death of William D. OConnor on May 10, 1889.  Tuesday fell on May 14 in 1889.</note></date>
</dateline>
</opener>
<p>Do you know Walt dear your letter has done me a world of good. I was out by the gate looking out for the postman, see him when he was way down the street &#8212; I 
was glad, about as glad as I could be.</p>
<p>And to think my dearest brother you have been out. It is wonderful good news to me. <choice><sic>It's</sic><corr>It's</corr></choice> splendid I feel Walt dear as if 
I could not say enough about it. <choice><sic>Its</sic><corr>It's</corr></choice> so good to know.</p>
<p>It does me good too.</p>
<p>So glad you wrote to tell me about the, <hi rend="underline">c h a i r</hi> and the jaunt and all,<note xml:id="n2" type="editorial" resp="jse">In a letter to Richard Maurice Bucke dated May 12, 1889, Whitman mentions that 
he went out in the wheel chair yesterday  afternoon &#38; was probably out an hour and a half &#8212; everything <choice><abbr>workd</abbr><expan>worked</expan></choice> 
well &#8212; the chair is a success &#38; sits and goes easy (Letter to Richard Maurice Bucke, Walt Whitman, <hi rend="italic">The Correspondence</hi> [New York: New 
    York UP, 1961-77],4:336).</note> <choice><sic>its</sic><corr>it's</corr></choice> nice &#8212;</p><pb facs="LOC019hwhww05141889.02.jpg"/>
<p>(It is sad about <choice><sic>Mr</sic><corr>Mr.</corr></choice> <choice><sic>OConnor</sic><corr>O'Connor's</corr></choice> death,<note xml:id="n3" type="editorial" 
resp="jse">William Douglas OConnor (1832-1889) first met Walt Whitman in 1860 while Whitman was in Boston correcting the proofs for the third edition of <hi rend="italic">Leaves of Grass</hi>. 
Poet and short story writer, OConnor had been approached by the Boston publishers Thayer &#38; Eldridge to write a novel. When Whitman came to Washington, D.C., to find 
his brother George two years later, he stayed with the OConnors and subsequently boarded with them for a few months.  OConnor became one of Whitmans good friends, and 
wrote <hi rend="italic">The Good Gray Poet: A Vindication</hi> (1866) to defend Whitman when he was fired from his position as a clerk in the Indian Affairs Bureau because 
his supervisor found <hi rend="italic">Leaves of Grass</hi> objectionable.  See Jerome Loving, <hi rend="italic">Walt Whitmans Champion: William Douglas OConnor</hi> 
(College Station, Texas, 1978).</note> he was great and good (his wonderful letter) &#8212; and of Susie Langdon, a clerk, under him in Washington used to tell me about him). 
He was a true friend.</p>
<p>&#8212; The country is very beautiful now. <choice><sic>trees</sic><corr>Trees</corr></choice> leaved out some blossoms, Spring is two weeks earlier here than usual no 
<choice><sic>Lilacks</sic><corr>Lilacs</corr></choice> even budded here yet.</p>
<p>I am trying to clean house, Walt dear, I do it all myself, but I take my time I have to. &#8212; my carpets are all taken up <choice><sic>down 
stairs</sic><corr>downstairs</corr></choice> (done cleaning <choice><sic>up stairs</sic><corr>upstairs</corr></choice> glad to be able to work even my way) 
    <choice><sic>Ime</sic><corr>I'm</corr></choice> slow enough, but do pretty well glad to stop a little while <pb facs="LOC019hwhww05141889.03.jpg"/>to write a line to you &#8212;</p>
<p><choice><sic>Cant</sic><corr>Can't</corr></choice> think of anything Walt dear. <choice><sic>but</sic><corr>But</corr></choice> your being better. 
<choice><sic>and</sic><corr>And</corr></choice> being able to be out. I want you to see lots of comfort my dearest brother. <choice><sic>you</sic><corr>You</corr></choice> 
must not worry about anything &#8212; your letter is such a comfort to me I shall be able to work better I thank you with all my heart for your gift, you are very very good 
to me, always.</p>
        <p><choice><sic>cant</sic><corr>Can't</corr></choice> begin to tell you how much I think of your being so kind nor how much good it does me,</p><pb facs="LOC019hwhww05141889.04.jpg"/>
<p>I take comfort too Walt dear, in your having such good friends. Hope you will be out <choice><sic>to day</sic><corr>today</corr></choice> &#8212; </p>
<p><choice><sic>Wont</sic><corr>Won't</corr></choice> write much <choice><sic>to day</sic><corr>today</corr></choice> my work in the kitchen is waiting for me, (but that don't
matter a mite)</p>
<closer>
<salute>I send ever so much <hi rend="underline">love</hi> my dearest brother,</salute>
<signed>Han</signed>

</closer> 
<postscript><p>When you see Lou<note xml:id="n4" type="editorial" resp="jse">Louisa Orr Haslam Whitman (1842-1892) married George Whitman on April 14, 1871. They moved to 
Camden in 1872, and Walt Whitman lived with them from 1873-1884. See Karen Wolfe, Whitman, Louisa Orr Haslam (Mrs. George) (1842-1892), <hi rend="italic">Walt Whitman: An 
Encyclopedia</hi>, ed. J.R. LeMaster and Donald D. Kummings (New York: Garland, 1998), 781.</note> and George<note xml:id="n5" type="editorial" resp="jse">George Washington 
Whitman (1829-1901) was the seventh child of Walter and Louisa Whitman, and ten years younger than Walt. George learned to read and write as a pupil under his older brother 
Walt (who briefly served as a schoolteacher in Long Island), and worked as a carpenter prior to his military service during the Civil War.  When the war ended, he became a 
pipe inspector for the City of Camden and the New York Metropolitan Water Board. See Martin G. Murray, Whitman, George Washington, <hi rend="italic">Walt Whitman: An 
Encyclopedia</hi>, ed. J.R. LeMaster and Donald D. Kummings (New York: Garland, 1998),777-778.</note> will you give my love to them, please.</p></postscript>
</body>
</text>
</TEI>