<?xml-model href="http://www.tei-c.org/release/xml/tei/custom/schema/relaxng/tei_all.rng" type="application/xml" schematypens="http://relaxng.org/ns/structure/1.0"?>
<TEI xmlns="http://www.tei-c.org/ns/1.0">
<teiHeader xml:lang="eng">
<fileDesc>
<titleStmt>
<title type="main" level="m">Hannah Whitman Heyde to Walt Whitman September 22, 1891</title>
<author>Hannah Whitman Heyde</author>
<editor role="main">Maire Mullins</editor>
<editor role="assistant">Madison Perrin</editor>
<respStmt>
<resp>Transcription and encoding</resp>
<name xml:id="kb">Kelsey Barkis</name>
<name xml:id="mp">Madison Perrin</name>
</respStmt>
<respStmt>
<resp>Editing and proofreading</resp>
<name xml:id="mm">Maire Mullins</name>
</respStmt>
</titleStmt>
<editionStmt>
<edition>
<date>2016</date>
</edition>
</editionStmt>
<publicationStmt>

<authority>Scholarly Editing: The Annual of the Association for Documentary Editing</authority>
<address>
<addrLine>http://www.scholarlyediting.org</addrLine>
</address>
<publisher>Association for Documentary Editing</publisher>
<publisher>University of Nebraska-Lincoln</publisher>
<distributor><name>Center for Digital Research in the Humanities</name>
<address><addrLine>319 Love Library</addrLine>
<addrLine>University of Nebraska-Lincoln</addrLine>
<addrLine>Lincoln, NE 68588-4100</addrLine>
<addrLine>http://cdrh.unl.edu</addrLine></address></distributor>
<date>2015</date>
<availability>
<p>Scholarly Editing: The Annual of the Association for Documentary Editing is freely distributed by the Association for 
Documentary Editing and the Center for Digital Research in the Humanities at the University of Nebraska-Lincoln and licensed 
under a Creative Commons Attribution-NonCommercial-ShareAlike 3.0 Unported License</p>
</availability>
    <idno type="file">LOC020hwhww11221891</idno>
    <idno type="edition">whitmanheydeletters</idno>
</publicationStmt>
<seriesStmt>
            <title level="j">Scholarly Editing: The Annual of the Association for
             Documentary Editing</title>
            <respStmt>
                <resp>editor</resp>
                <name xml:id="ag">Amanda Gailey</name>
            </respStmt>
            <respStmt>
                <resp>editor</resp>
                <name xml:id="awj">Andrew Jewell</name>
            </respStmt>
            <idno type="vol"><!-- The Journal's volume number --></idno>
            <idno type="ISSN">2167-1257</idno>
</seriesStmt>
<sourceDesc>
<bibl>
<author>Hannah Whitman Heyde</author>
<title>Hannah Whitman Heyde to Walt Whitman, September 22, 1891</title>
<date xml:id="dat1" when="1891-09-22" cert="high">September 22, 1891</date>
<orgName xml:id="col">Hannah Louisa Whitman Heyde Papers, 1853-1892, Library of Congress, Washington, DC</orgName>
   
</bibl>
</sourceDesc>
</fileDesc>
<profileDesc>
<particDesc>
<person role="sender">
<persName key="Heyde, Hannah Whitman">Hannah Whitman Heyde</persName>
</person>
<person role="recipient">
<persName key="Whitman, Walt">Walt Whitman</persName>
</person>
</particDesc>
</profileDesc>
<revisionDesc>
<change when="2015-07-01" who="#kb">encoded</change>
<change when="2015-08-28" who="#mp">encoded annotations</change>
<change when="2015-09-05" who="#mm">proofread and edited</change>
</revisionDesc>
</teiHeader>
<text type="letter">
    <body><pb facs="LOC020hwhww11221891.01.jpg"/>
<opener>
<dateline>
<name type="place">Burlington Vt</name>
<date when="1891-09-22">Sept 22 [1891]</date><note xml:id="n1" type="editorial" resp="jse">Richard Maurice Bucke assigned the date 1891, confirmed by Whitmans letter to Hannah 
dated Sept. 14, 1891 (<hi rend="underline">The Correspondence</hi> [New York: New York University Press, 196177], 5:242), in which he mentions troubles with his eyesight: 
one of my greatest botherations is the dimming of eye sight  incipient blindness.  Hannah probably started writing this letter in the morning and finished it later in the 
afternoon, as she notes.</note>
 </dateline>
</opener>
<p>Dearest Brother your letter came <choice><abbr>Wedns</abbr><expan>Wednesday</expan></choice>. I keep <hi rend="underline">thinking of you</hi>, and pray your eyes may get 
better, &#8212; Your goodness to me is beyond words &#38; Walt <hi rend="underline">dear</hi>. I will not say anything, only you have been, are so kind to me, that 
<hi rend="underline">you</hi> are <choice><sic>every thing</sic><corr>everything</corr></choice> in the world to me</p>
<p>I want so much to write (have so long wanted to) I have no doubt my dear I shall say lots of bothersome things am only a trouble to you. I wish I need not be, you 
    <choice><sic>can not</sic><corr>cannot</corr></choice> know how much I wish I was not I sat here alone last night an hour or two thinking <pb facs="LOC020hwhww11221891.02.jpg"/>of you &#8212; you are my one great 
comfort. <choice><sic>what</sic><corr>What</corr></choice> I should do, &#8212; or should have done in my sick times &#8212; without you to think of &#38; how it would have 
been without all the money comforts. <choice><sic>youv'e</sic><corr>You've</corr></choice> been the means of my having I <choice><sic>can not</sic><corr>cannot</corr></choice> 
now even <choice><sic>immagine</sic><corr>imagine</corr></choice>, &#38; I have money now &#38; plenty if I am sick, I will write more about it dear Walt, next time I write &#8212; 
but never can say what I feel &#8212; If I <choice><sic>dont</sic><corr>don't</corr></choice> get sick, will write again soon &#8212; you <choice><sic>writte</sic><corr>write</corr></choice>
to me when <hi rend="underline">you</hi> are sick &#38; I know <hi rend="underline">dear</hi> brother get all your letters &#38; money (last <choice><abbr>Wedn.</abbr><expan>Wednesday</expan></choice>
&#38; all) come safe I <choice><sic>alway</sic><corr>always</corr></choice>open my letters am always here not strong enough to go out much &#8212; I have often thought you could not know just how it was, but still was good enough 
    to write &#8212; I have been sick a great deal &#38; <choice><sic>cant</sic><corr>can't</corr></choice> do as I would like. grateful that I can do a little, three weeks <pb facs="LOC020hwhww11221891.03.jpg"/>ago my 
left hand was hurt<note xml:id="n2" type="editorial" resp="jse">2.	The nature of this injury to Hannahs left hand is not clear.  The thumb on Hannahs left hand was amputated 
in December 1868.</note> just now begin to use it a little &#38; it has worn on me some. &#8212; but all my ailments <hi rend="underline">dear dear</hi> brother seem so trivial to 
what you have to bear &#8212; I think of you so much, I am alone much, hardly <choice><sic>any one</sic><corr>anyone</corr></choice> comes here, <choice><sic>its</sic><corr>it's</corr></choice> 
just as well, am not strong enough to talk much, or long, most days feel well &#38; work, &#8212; Prize all the magazines &#38; papers <choice><sic>youve</sic><corr>you've</corr></choice> 
sent. <choice><sic>often</sic><corr>Often</corr></choice> look at your picture in, May New England <choice><abbr>Mag'n</abbr><expan>Magazine</expan></choice>,<note xml:id="n3" 
type="editorial" resp="jse">Horace Traubels article, Walt Whitman at Date, was published in the May 1891 edition of the <hi rend="italic">New England Magazine</hi> (Vol. IV, 
no. 3), 275-292.</note> glad you sent it. &#8212; like Warrens<note xml:id="n4" type="editorial" resp="jse">Frederick Warren Fritzinger (1866-1899), known as Warry, served as 
Whitmans nurse beginning in October 1889.  Mrs. Mary Davis, Whitmans housekeeper, had taken care of Warrys father, an aged seaman. When he died she inherited half of his property; 
the other half was left to Warry and his brother Harry, who had run off to sea at the ages of seventeen and fourteen.  A picture of Warry is displayed in the May 1891 
<hi rend="italic">New England Magazine</hi> (278).  Of all the nurses Whitman had, Warry was his favorite, Gay Wilson Allen notes (See <hi rend="italic">The Solitary Singer</hi> 
[Chicago: U of Chicago P, 1955] 519, 535.</note> too he looks good &#8212; Glad <choice><sic>Dr</sic><corr>Dr.</corr></choice>Bucke<note xml:id="n5" type="editorial" resp="jse">Richard 
Maurice Bucke (1837-1901), Medical Doctor and Head of the Asylum for the Insane in Ontario Canada, was a friend of Walt Whitmans, and had been visiting Whitman in Camden the first week 
of September. Bucke returned to Canada on September 10. See Walts letter to Hannah Heyde, Sept. 8 1891, in Walt Whitman, <hi rend="italic">The Correspondence</hi>, ed. Edwin Haviland 
Miller (New York: New York UP, 1969),5:240.</note> got home</p>
<p>Lou <note xml:id="n6" type="editorial" resp="jse">Louisa Orr Haslam Whitman (1842-1892), known as Lou, married George Whitman on April 14, 1871. They moved to Camden in 1872, and 
Walt Whitman lived with them from 1873-1884.  See Karen Wolfe, Whitman, Louisa Orr Haslam (Mrs. George) (1842-1892), <hi rend="italic">Walt Whitman: An Encyclopedia</hi>, ed. J.R. 
    LeMaster and Donald D. Kummings (New York: Garland, 1998), 781.</note> wrote me a real good letter not long since) &#38; sent $5, &#38; has sent<pb facs="LOC020hwhww11221891.04.jpg"/> good kind letters &#38; money before several 
times, will you tell her, Walt dear, that I am <choice><sic>gratefull</sic><corr>grateful</corr></choice> to her &#38; to George<note xml:id="n7" type="editorial" resp="jse">George Washington 
Whitman (1829-1901) was the seventh child of Walter and Louisa Whitman. George learned to read and write as a pupil under his older brother Walt (who briefly served as a 
schoolteacher) in Long Island, and worked as a carpenter prior to his military service during the Civil War.  When the war ended, he became a pipe inspector for the City of Camden and the New 
York Metropolitan Water Board. See Martin G. Murray, Whitman, George Washington, <hi rend="italic">Walt Whitman: An Encyclopedia</hi>, ed. J.R. LeMaster and Donald D. Kummings (New York: Garland, 
1998),777-778.</note> if I can only keep well a little longer will write to her &#8212; she is so good to write, when I have not been able to write her, wish you could read her last letter.</p>
<p>So hope you feel pretty well <choice><sic>to day</sic><corr>today</corr></choice> &#38; eyes better. <choice><sic>think</sic><corr>Think</corr></choice> so very much of the letters 
<choice><sic>youve</sic><corr>you've</corr></choice> written me, meant to keep them long as I lived, Charly had taken them, &#38; I have destroyed all that he had, &#38; he will not get hold 
of any more, I made myself sick for a day or two, but all is right now, would not speak of it dear. If I thought C.<note xml:id="n8" type="editorial" resp="jse">Charles Heyde</note> had not <choice><sic>dont</sic><corr>don't</corr></choice>let anything I 
    say <pb facs="LOC020hwhww11221891.05.jpg"/>bother you. I take so much more comfort when you are pretty well glad to know when you go out, think you are better, &#8212; I have never written to dear Jessie,<note xml:id="n9" 
type="editorial" resp="jse">Jessie Louisa Whitman (1863-1957), also known as California, and, later, as Sis, the youngest daughter of Thomas Jefferson Whitman and Martha Emma Whitman.  
Jessie may not have been named the moment she was born; Whitman refers to her as the little girl and as little black head in his letters to Mother Whitman dated June 22, 1863 and July 15, 
1863, respectively (<hi rend="italic">Walt Whitman Archive</hi>).</note> I was taken badly sick the day I heard of dear brother <choice><sic>Jeffs</sic><corr>Jeff's</corr></choice> death<note 
xml:id="n10" type="editorial" resp="jse">Thomas Jefferson Whitman, (1833-1890), Jeff, was the eighth child of Walter and Louisa Whitman. Walts favorite brother, Jeff played the piano and 
had a lively sense of humor.  He married Mattie Emma Mitchell on February 23, 1859. Jeff and Mattie moved in with Mother Whitman shortly after their marriage.  In 1867, Jeff accepted a position 
as Chief Engineer and Superintendent of Water Works in St. Louis, Missouri.  Jeff died on November 25, 1890, from typhoid pneumonia.  See <hi rend="italic">Dear Brother Walt: The Letters of Thomas 
Jefferson Whitman</hi>, ed. Dennis Berthold and Kenneth Price (Kent, Ohio: Kent State UP, 1984), xxxiv.</note> &#8212;</p>
<p>Wish I could think of something good to say, but I <choice><sic>cant</sic><corr>can't</corr></choice>, &#8212; send lots &#38; lots of good wishes my darling.</p>
<p>Tuesday Afternoon</p>
        <p>Dear Brother you know about the money <choice><sic>youve</sic><corr>you've</corr></choice> sent you have sent me enough to last I feel afraid you send more than you can spare</p><pb facs="LOC020hwhww11221891.06.jpg"/>
<p>C. is hearty well &#38; strong quite able to work, (painting) but does not &#8212; he of course benefits on the money you send and it does not seem right, he sold a picture recently &#38; paid 
his taxes &#8212;</p>
<closer>
<salute>Do take care of your own self Walt dear, wish I could see you. &#8212; send much love &#38; thanks for all</salute>
<signed>Han</signed>
</closer> 
<postscript><p><choice><sic>give</sic><corr>Give</corr></choice> my love to George &#38; Lou, please &#38; to Jessie if you write</p></postscript>
</body>
</text>
</TEI>