<?xml-model href="http://www.tei-c.org/release/xml/tei/custom/schema/relaxng/tei_all.rng" type="application/xml" schematypens="http://relaxng.org/ns/structure/1.0"?>
<TEI xmlns="http://www.tei-c.org/ns/1.0">
<teiHeader xml:lang="eng">
<fileDesc>
<titleStmt>
<title type="main" level="m">Hannah Whitman Heyde to Walt Whitman September 1862</title>
<author>Hannah Whitman Heyde</author>
<editor role="main">Maire Mullins</editor>
<editor role="assistant">Madison Perrin</editor>
<respStmt>
<resp>Transcription and encoding</resp>
<name xml:id="kb">Kelsey Barkis</name>
<name xml:id="mp">Madison Perrin</name>
</respStmt>
<respStmt>
<resp>editing and proofreading</resp>
<name xml:id="mm">Maire Mullins</name>
</respStmt>
</titleStmt>
<editionStmt>
<edition>
<date>2016</date>
</edition>
</editionStmt>
<publicationStmt>

<authority>Scholarly Editing: The Annual of the Association for Documentary Editing</authority>
<address>
<addrLine>http://www.scholarlyediting.org</addrLine>
</address>
<publisher>Association for Documentary Editing</publisher>
<publisher>University of Nebraska-Lincoln</publisher>
<distributor><name>Center for Digital Research in the Humanities</name>
<address><addrLine>319 Love Library</addrLine>
<addrLine>University of Nebraska-Lincoln</addrLine>
<addrLine>Lincoln, NE 68588-4100</addrLine>
<addrLine>http://cdrh.unl.edu</addrLine></address></distributor>
<date>2015</date>
<availability>
<p>Scholarly Editing: The Annual of the Association for Documentary Editing is freely distributed by
the Association for Documentary Editing and the Center for Digital Research in the Humanities at the
University of Nebraska-Lincoln and licensed under a Creative Commons
Attribution-NonCommercial-ShareAlike 3.0 Unported License</p>
</availability>
    <idno type="file">LOC010hwhww91862</idno>
    <idno type="edition">whitmanheydeletters</idno>
</publicationStmt>
<seriesStmt>
<title level="j">Scholarly Editing: The Annual of the Association for Documentary Editing</title>
<respStmt>
<resp>editor</resp>
<name xml:id="ag">Amanda Gailey</name>
</respStmt>
<respStmt>
<resp>editor</resp>
<name xml:id="awj">Andrew Jewell</name>
</respStmt>
<idno type="vol"><!-- The Journal's volume number --></idno>
<idno type="ISSN">2167-1257</idno>
</seriesStmt>
<sourceDesc>
<bibl>
<author>Hannah Whitman Heyde</author>
<title>Hannah Whitman Heyde to Walt Whitman, September, 1862</title>
<date xml:id="dat1" when="1862-09" cert="high">September, 1862</date>
<orgName xml:id="col">Hannah Louisa Whitman Heyde Papers, 1853-1892, Library of Congress,
Washington, DC</orgName>
</bibl>
</sourceDesc>
</fileDesc>
<profileDesc>
<particDesc>
<person role="sender">
<persName key="Heyde, Hannah Whitman">Hannah Whitman Heyde</persName>
</person>
<person role="recipient">
<persName key="Whitman, Walt">Walt Whitman</persName>
</person>
</particDesc>
</profileDesc>
<revisionDesc>
<change when="2015-07-01" who="#kb">encoded</change>
<change when="2015-08-24" who="#mp">encoded annotation</change>
<change when="2015-09-04" who="#mm">proofread</change>
</revisionDesc>
</teiHeader>
<text type="letter">
    <body><pb facs="LOC010hwhww91862.01.jpg"/>
<opener>
<dateline> </dateline>
</opener>
<p>Dear Brother<note xml:id="n1" type="editorial" resp="jse">This letter dates to September 1862.
Hannah uses similar paper in a letter to Mother Whitman dated September 21, 1862 by Richard Maurice
Bucke: on that letter the date 21 1862 is in Buckes handwriting; "from sister Han," written on the
back of page two of this letter, is in Bucke's handwriting. Hannahs concerns about George are
evident in both letters; probably Hannah wrote and posted both letters on the same day.</note>
&#8212; Is George <note xml:id="n2" type="editorial" resp="jse">George Washington Whitman
(1829-1901), the seventh child of Walter and Louisa Whitman, and ten years younger than Walt. George
learned to read and write as a pupil under his older brother Walt (who briefly served as a
schoolteacher in Long Island), and worked as a carpenter prior to his military service during the
Civil War.</note> safe, Will you telegraph to me immediately if you have any good news. I would
telegraph home, I think I am well enough to get out I saw a name in the paper last night at first I
&#8212; &#8212; afterwards I see it was a different company and I hope a different division. <choice>
<sic>Georges</sic>
<corr>George's</corr>
</choice> company is company D <note xml:id="n3" type="editorial" resp="jse">George initially
enlisted in the Thirteenth New York State Militia soon after Fort Sumter in the spring of 1861, and
was sent to Washington D.C. When his three month enlistment was over, he re-enlisted, this time with
the 51st New York Volunteers in the fall of 1861, Company D., as Hannah notes. Hannahs concern is
justified: Georges regiment was involved in the Second Battle of Bull Run (August 28-30); the Battle
of Chantilly (September 1); the Battle of South Mountain (September 14-15); and Antietam (Sept
17).</note> this was B. and Kings division. I have a hope, I am almost sure &#8212; because the <choice>
<abbr>Reg't</abbr>
<expan>Regiment</expan>
</choice> was not mentioned, &#8212; I shall wait anxiously <choice>
<sic>untill</sic>
<corr>until</corr>
</choice> I can hear, I feel quite sure this morning, it was no one belonging to me. You must
forgive me for <choice>
<sic>troubleing</sic>
<corr>troubling</corr>
</choice> you when I know you at home all feel just as anxious I <hi rend="underline">feel for
you</hi> but I think perhaps you have heard good news by this time, perhaps I am anxious needlessly
I have no doubt I am, &#8212; perhaps brother George has written to Mother by this time, and you
will almost vexed at me for feeling so, but I am alone, have been some sick, but I am not so weak,
as you think, I can bear a good deal I shall be hopeful and cheerful; I feel George is safe, I
expect dear brother you will think me easily agitated or frightened do not let me trouble you. Give
my <hi rend="underline">love</hi> to <hi rend="underline">dear Mother</hi>, I wish I could see her I
shall soon, my love to you,</p>
<closer>
<signed>Han</signed>
</closer>
<postscript>
    <p>dear brother telegraph to me at once</p><pb facs="LOC010hwhww91862.02.jpg"/>
</postscript>
</body>
</text>
</TEI>
