<?xml-model href="http://www.tei-c.org/release/xml/tei/custom/schema/relaxng/tei_all.rng" type="application/xml" schematypens="http://relaxng.org/ns/structure/1.0"?>
<TEI xmlns="http://www.tei-c.org/ns/1.0"><teiHeader xml:lang="eng">
<fileDesc>
<titleStmt>
<title type="main" level="m">Hannah Whitman Heyde to Louisa Van Velsor Whitman November 10 &#91;1868&#93;</title>
<author>Hannah Whitman Heyde</author>
<editor>Maire Mullins</editor>
<respStmt>
<resp>Transcription and encoding</resp>
<persName xml:id="mp">Madison Perrin</persName>
</respStmt>
    <respStmt>
<resp>Editing and proofreading</resp>
<persName xml:id="mm">Maire Mullins</persName>
</respStmt>
</titleStmt>
<editionStmt>
<edition>
<date>2016</date>
</edition>
</editionStmt>
<publicationStmt>

<authority>Scholarly Editing: The Annual of the Association for
            Documentary Editing</authority>
            <address>
                    <addrLine>http://www.scholarlyediting.org</addrLine>
            </address>
            <publisher>Association for Documentary Editing</publisher>
            <publisher>University of Nebraska&#8211;Lincoln</publisher>
            <distributor>
                <name>Center for Digital Research in the Humanities</name>
                <address>
                        <addrLine>319 Love Library</addrLine>
                        <addrLine>University of Nebraska&#8211;Lincoln</addrLine>
                        <addrLine>Lincoln, NE 68588-4100</addrLine>
                        <addrLine>http://cdrh.unl.edu</addrLine>
                    </address>
            </distributor>
            <date>2016</date>
            <availability>
                <p>Scholarly Editing: The Annual of the Association for Documentary
                   Editing is freely distributed by the Association for Documentary
                   Editing and the Center for Digital Research in the Humanities at
                   the University of Nebraska-Lincoln and licensed under a Creative
                   Commons Attribution-NonCommercial-Share Alike 3.0 Unported
                   License</p>
            </availability>
    <idno type="file">HRC012hwhlvvw11101868</idno>
    <idno type="edition">whitmanheydeletters</idno>
</publicationStmt>
<seriesStmt>
            <title level="j">Scholarly Editing: The Annual of the Association for
             Documentary Editing</title>
            <respStmt>
                <resp>editor</resp>
                <name xml:id="ag">Amanda Gailey</name>
            </respStmt>
            <respStmt>
                <resp>editor</resp>
                <name xml:id="awj">Andrew Jewell</name>
            </respStmt>
            <idno type="vol">37</idno>
            <idno type="ISSN">2167-1257</idno>
</seriesStmt>
<sourceDesc>
<bibl>
<author>Hannah Whitman Heyde</author>
<title>Hannah Whitman Heyde to Louisa Van Velsor Whitman, November 10 &#91;1868&#93;</title>
<date xml:id="dat1" when="1868-11-10" cert="medium">November 10 &#91;1868&#93;</date>
<orgName xml:id="col">Harry Ransom Center The University of Texas at Austin</orgName>
  
</bibl>
</sourceDesc>
</fileDesc>
<profileDesc>
<particDesc>
<person role="sender">
<persName key="Heyde, Hannah Whitman">Hannah Whitman Heyde</persName>
</person>
<person role="recipient">
<persName key="Van Velsor Whitman, Louisa">Louisa Van Velsor Whitman</persName>
</person>
</particDesc>
</profileDesc>
<revisionDesc>
<change when="2015-09-09" who="#mm">proofreading</change>
<change when="2015-07-21" who="#mp">encoded</change>
<change when="2015-09-08" who="#mp">encoded annotations</change>
    <change when="2016-04-24" who="#mm">proofread and revised</change>
    <change when="2016-04-29" who="#mm">proofread and revised</change>
    <change when="2016-05-12" who="#mm">copyedit revision</change>
</revisionDesc>
</teiHeader>
<text type="letter">
<body>
    <pb facs="HRC012hwhlvvw11101868.01.jpg"/>
<opener>
<dateline rend="right">
<date when="1868-11-10">Tuesday Nov 10 &#91;1868&#93;</date><note xml:id="n1" type="editorial" resp="jse">Richard Maurice Bucke dated this letter 1868, a date confirmed by the events mentioned in this letter.  November 10 fell on a Tuesday in 1868, so Hannah's 
date is accurate.</note> 
</dateline>
<salute>Dear Mother &#38; all the rest of my brothers &#38; sisters.</salute>
</opener>
<p>I want a letter from home &#38; so much from Walt I tried to write to him but get confused about directing I am not strong &#38; it will quiet my mind to write my mind is perfectly clear but night &#38; day I long for a letter 
Charlie showed me one <choice><sic>yester day</sic><corr>yesterday</corr></choice> from Walt to him written the 5th just a little to me a short letter from when you first knew I was sick I think Walt &#38; you all have written because Charlie says <choice><sic>hes</sic><corr>he's</corr></choice> sent word home every day &#38; ask all the time. I am well now dear mother <choice><sic>To</sic><corr>to</corr></choice> 
what I have been I never suffered so much<note xml:id="n2" type="editorial" resp="jse">In October and November of 1868, Hannah suffered from a painful infection on her left thumb which Mother Whitman describes in a letter to Walt 
Whitman &#40;dated November 11-14, 1868, <hi rend="italic">Walt Whitman Archive</hi>&#41; as "erysiplas" &#8212;  erysipelas, a bacterial infection similar to cellulitis.</note> agony in so short a time I believe about 2 weeks. I <choice><sic>dont</sic><corr>don't</corr></choice> much now. 
    When I was first taken I <pb facs="HRC012hwhlvvw11101868.02.jpg"/>I wanted Walt to come I <choice><sic>though</sic><corr>thought</corr></choice> I should not get well if he did not now I am <hi rend="underline">well taken care</hi> of by Ellen <note xml:id="n3" type="editorial" resp="jse">Ellen may be the name of the 
person Heyde hired to assist while Hannah was ill. Heyde refers to the new help in his letter to Mother Whitman dated November 24, 1868 &#40;Trent&#41;.</note> it seems she has <choice><sic>save</sic><corr>saved</corr></choice>
my life she has saved me much suffering &#38; I want Walt to write &#38; thank<note xml:id="n4" type="editorial" resp="jse">Walt sent a letter to Dr. Thayer, dated December 8, 1868 (<hi rend="italic">Walt Whitman Archive</hi>), 
thanking him for his kindness and asking him to send Walt a few lines regarding the condition of his sister.  He also asked Dr. Thayer to keep the matter confidential, as Hannah had requested.</note> <choice><sic>Dr</sic><corr>Dr.</corr></choice> 
Thayer,<note xml:id="n5" type="editorial" resp="jse">Dr. Samuel White Thayer Jr. &#40;1817-1882&#41; graduated from Vermont Medical College in 1838 and moved to Burlington in 1852.  Although his practice was general medicine, his specialty was surgery, 
and he performed numerous amputations. Professor of anatomy and physiology at the University of Vermont from 1854 to 1871, he served as surgeon general of Vermont during the Civil War. See H. Royce Bass, <hi rend="italic">The History of Braintree, 
Vermont</hi> &#40;Rutland, VT: Tuttle, 1883&#41; 58.</note> I <choice><sic>cant</sic><corr>can't</corr></choice> now explain but I think he was kind to tend to me at all and dear Mother if you value my life be sure to not let Charlie know I have 
written I will explain, be to him just as usual</p>
<p>Dear Mother I <hi rend="underline">am</hi> so <hi rend="underline">sorry</hi> Matty is some sick<note xml:id="n6" type="editorial" resp="jse">Martha Emma Mitchell Whitman &#40;1836-1873&#41; married Thomas Jefferson Whitman on February 23, 1859. 
Affectionately known as Mattie, not much is known about her background prior to her marriage. Jeff and Mattie moved in with Mother Whitman shortly after their marriage. In 1867 Jeff accepted a position as chief engineer and superintendent of 
waterworks in St. Louis, Missouri.  Hannah refers to Mattie getting better, but Mattie began to suffer from chronic illnesses beginning in early 1863. At the time of this letter Mattie was visiting New York, seeking counsel from doctors about 
her health.  See <hi rend="italic">Mattie: The Letters of Martha Mitchell Whitman</hi>, ed. Randall H. Waldron &#40;New York: New York University Press, 1977&#41;, 2, and Walt Whitman's letter to Jeff Whitman, October 25, 1868 (<hi rend="italic">Walt Whitman 
Archive</hi>).</note> next summer she must come live with me &#38; let <choice><sic>Dr</sic><corr>Dr.</corr></choice> Thayer cure her. I send my love to George &#8212; I shall be well soon Home &#38; a letter from Walt runs on my mind all the time</p>
<p>Dear mother <choice><sic>dont</sic><corr>don't</corr></choice> be the least anxious about me there is no cause long as I have Ellen to take care of me I am comfortable take care of yourself my dear Mother &#8212; I was so glad for you 
<choice><sic>Mattys</sic><corr>Matty's</corr></choice> home she must give Jeffy my love</p>
<closer>
<salute><choice><sic>Good bye</sic><corr>Goodbye</corr></choice></salute>
<signed>Han</signed>
</closer>
</body>

</text>
</TEI>