<?xml-model href="http://www.tei-c.org/release/xml/tei/custom/schema/relaxng/tei_all.rng" type="application/xml" schematypens="http://relaxng.org/ns/structure/1.0"?>
<TEI xmlns="http://www.tei-c.org/ns/1.0">
<teiHeader xml:lang="eng">
    <fileDesc>
        <titleStmt>
            <title level="m" type="main">Hannah Whitman Heyde To Louisa Van Velsor Whitman &#91;March 1856&#93;</title>
            <author>Hannah Whitman Heyde</author>
            <editor>Maire Mullins</editor>
            <respStmt>
                <resp>transcription and encoding</resp>
                <name xml:id="kb">Kelsey Barkis</name>
                <name xml:id="as">Allan Spencer</name>
                
            </respStmt>
            <respStmt>
				<resp>editing and proofreading</resp>
				<name xml:id="mm">Maire Mullins</name>
            </respStmt>
        </titleStmt>
        <editionStmt>
            <edition>
                <date>2016</date>
            </edition>
        </editionStmt>
        <publicationStmt>
            
            <authority>Scholarly Editing: The Annual of the Association for Documentary
                Editing</authority>
            <address>
                    <addrLine>http://www.scholarlyediting.org</addrLine>
                </address>
            <publisher>Association for Documentary Editing</publisher>
            <publisher>University of Nebraska&#8211;Lincoln</publisher>
            <distributor>
                <name>Center for Digital Research in the Humanities</name>
                <address>
                        <addrLine>319 Love Library</addrLine>
                        <addrLine>University of Nebraska&#8211;Lincoln</addrLine>
                        <addrLine>Lincoln, NE 68588-4100</addrLine>
                        <addrLine>http://cdrh.unl.edu</addrLine>
                    </address>
            </distributor>
            <date>2016</date>
            <availability>
                <p>Scholarly Editing: The Annual of the Association for Documentary Editing is
                    freely distributed by the Association for Documentary Editing and the Center for
                    Digital Research in the Humanities at the University of Nebraska-Lincoln and
                    licensed under a Creative Commons Attribution-NonCommercial-ShareAlike 3.0
                    Unported License</p>
            </availability>
            <idno type="file">LOC006hwhlvvw31856</idno>
            <idno type="edition">whitmanheydeletters</idno>
        </publicationStmt>
        <seriesStmt>
            <title level="j">Scholarly Editing: The Annual of the Association for Documentary
                Editing</title>
            <respStmt>
                <resp>editor</resp>
                <name xml:id="ag">Amanda Gailey</name>
            </respStmt>
            <respStmt>
                <resp>editor</resp>
                <name xml:id="awj">Andrew Jewell</name>
            </respStmt>
            <idno type="vol">37</idno>
            <idno type="ISSN">2167-1257</idno>
        </seriesStmt>
        <sourceDesc>
            <bibl>
                <author>Hannah Whitman Heyde</author>
                <title>Hannah Whitman Heyde to Louisa Van Velsor Whitman &#91;March 1856&#93;</title>
                <idno type="callno">Hannah Louisa Whitman Heyde Papers, 1853-1892</idno>
                <orgName>Library of Congress, Washington, D.C.
                </orgName>
                <note type="project">"Transcribed from the original letter"
                    <!-- For example, "Transcribed from the original manuscript, then collated against the 1983 transcription by Francis B. Dedmond." -->
                </note>  
                <date when="1856-03">&#91;March 1856&#93;</date>
            </bibl>
        </sourceDesc>
    </fileDesc>
    <revisionDesc>
        <change when="2015-09-11" who="#mm">proofread and edited</change>
        <change when="2015-07-21" who="#mp">encoded</change>
        <change when="2015-09-06" who="#mp">encoded annotations</change>
        <change when="2016-04-01" who="#mm">proofread and edited</change>
        <change when="2016-04-29" who="#mm">proofread and edited</change>
        <change when="2016-05-12" who="#mm">copyedit revision</change>
    </revisionDesc>
</teiHeader>

<text type="letter">
    <body><pb facs="LOC006hwhlvvw31856.01.jpg"/>
            <opener>
                <dateline>
                    
                    
                </dateline>
                <salute>Dear Mother<note xml:id="n1" type="editorial" resp="jse">This letter is not dated, aside from the stationery that Hannah uses, which has the impress “Burlington, 185_.” The letter can be dated to spring 1856, because Hannah mentions Jeff getting well, and in her letters from spring 1856 prior to this one &#41;which are not included in this edition of Hannah's correspondence&#41; he had been ill. So this letter may be dated tentatively as March 1856.</note></salute>
            </opener>
            
            <p>
            I had just finished a letter to you when I 
                <choice><abbr>rec'd</abbr><expan>received</expan></choice> <choice><sic>Walts</sic><corr>Walt's</corr></choice> letter, bless <choice><sic>Walts</sic><corr>Walt's</corr></choice> heart I was really glad I had felt anxious about Jeffy<note xml:id="n2" type="editorial" resp="jse">Thomas Jefferson Whitman  &#40;1833-1890&#41;, “Jeff,” was the eighth child of Walter and Louisa Whitman. Walt’s favorite brother, Jeff played the piano and had a lively sense of humor.</note> and you was not well when you last wrote, I suppose you must be well dear Mother you are going to a wedding, so Jeffy has lost Janey well he has my sympathy, But the best of all is <choice><sic>Jeffys</sic><corr>Jeffy's</corr></choice> getting well, is not that good Mother, I have felt little bad about him, Mother you must make him be careful, I think we all depend too much on our good constitutions thinking we are so strong, have you entirely recovered from your cold, Mother, I hope you will not expose yourself, you too Mammy must take care of yourself.  I hope by this time you are well and cheerful I sometimes feel as if I wanted to know every little thing about home I am alone most of the time I think of thousands of little things of home that I want to know about Charlie is at his room of course every day sometimes until after dark Sundays too, I think more about home being alone, I am so glad <choice><sic>Jeffys</sic><corr>Jeffy's</corr></choice> getting well, you tell him Mother to be careful, even after he feels entirely well, I do not feel as anxious to hear from home now <choice><sic>Jeffs</sic><corr>Jeff's</corr></choice> better <choice><sic>Walts</sic><corr>Walt's</corr></choice> letter was somehow pleasant and <pb facs="LOC006hwhlvvw31856.02.jpg"/>cheerful, I like your letters too you tell me about them all, I <choice><sic>dont</sic><corr>don't</corr></choice> send all the letters I write so you need not think I forget about home, I hope Walt will continue to send the papers particularly the 
            Dispatch<note xml:id="n3" type="editorial" resp="jse">The <hi rend= "italic">New York Dispatch</hi> was published from 1854 to 1861.  See Library of Congress, Chronicling America: Historic American Newspapers (web).</note> I care more for the Sunday papers, sometime one of these days &#40;tell Walt, 
            <choice><sic>I’l</sic><corr>I'll</corr></choice> repay him, knit him a pair of stockings, &#8212; 
            What time do you give up the house, do you talk of moving to Greenport<note xml:id="n4" type="editorial" resp="jse">Mary Elizabeth Whitman Van Nostrand &#40;1821&#8211;1899&#41;, Hannah’s older &#40;and only&#41; sister, lived in Greenport, Long Island.  Hannah’s uncertainty about where Mother Whitman would be living may be attributed to a series of real estate purchases that Walt Whitman made between May 1855 and May 1856.  On May 24, 1855, Walt purchased a home on Ryerson Street in Brooklyn; only Louisa’s name was listed on the deed to the house. Walt purchased another house for his mother on the corner of Graham Street and Willoughby Avenue in April 1856; the family moved to 77 Classon Avenue in May 1856.  See Katherine Molinoff, “Property Transfers,” cited in Gay Wilson Allen, <hi rend="italic"> The Solitary Singer </hi> &#40;Chicago: U of Chicago P, 1985&#41;, 600.</note>, you know mother we used to have all kinds of talk, I want to see you all real bad, does 
            Georgey<note xml:id="n5" type="editorial" resp="jse">George Washington Whitman &#40;1829&#8211;1901&#41; was the seventh child of Walter and Louisa Whitman, and ten years younger than Walt. George learned to read and write as a pupil under his older brother Walt &#40;who briefly served as a schoolteacher in Long Island&#41; and worked as a carpenter prior to his military service during the Civil War.</note> come up Sundays and stay to tea, tell me every thing when you write, you have been good dear Mother to write to me so often there is no one like <choice><sic>ones</sic><corr>one's</corr></choice> own friends one sees so much selfishness, but I have not been very intimate with any I am always friendly and sociable they are always the same with me there are not so many women boarding here now, some have gone to other boarding, one of the boarders <choice><sic>Mrs</sic><corr>Mrs.</corr></choice> Eagre, a young married woman died last Wednesday, very singularly and suddenly, she was about twenty four, had been married six years, had 
            <choice><sic>alway</sic><corr>always</corr></choice> been very healthy, she was the most lively person I ever saw always dancing around we would hear her singing all over the house, I never saw any one so lively as she She was complaining three or four weeks no one thought her the least dangerous, 
                <choice><sic>untill</sic><corr>until</corr></choice> the day she died I nor any of the boarders had not been in her room for a<pb facs="LOC006hwhlvvw31856.03.jpg"/> week, the Doctor thought it would be better for her to not have so many come in, she sat up and walked from her chair to her bed a few days before she died, I was at the dinner table Wednesday, Mrs Kimble<note xml:id="n6" type="editorial" resp="jse">This may be a reference to Caroline Fay Kimball &#40;1827&#8211;1919&#41; who later ran a boardinghouse in Burlington.</note> told me suddenly and bluntly that <choice><sic>Mrs</sic><corr>Mrs.</corr></choice> Eagre was not expected to live through the day, you know how I be Mother I came up to my room, and in a few minutes Mrs Kimble came in said I must come in Mrs Eagre had asked for me again and was dying, I was completely overcome I was not able to go, shortly after 
            Miss Smith<note xml:id="n7" type="editorial" resp="jse">Miss Smith was a housekeeper at the Exchange Hotel.  See Hannah’s letter from October 8, 1858.</note> came said Mrs Eagre wanted to see me said I would feel much better to talk to her she was so calm, I went in she spoke with some difficulty says 
            <choice><sic>Ive</sic><corr>I've</corr></choice> got to leave you, <choice><sic>dont</sic><corr>don't</corr></choice> feel so bad called my name once or twice I could not speak, she said good bye, she lived about an hour after I saw her, they took her to 
            Wooster<note xml:id="n8" type="editorial" resp="jse">This may be a reference to Worcester, Vermont, about forty-eight miles east of Burlington. It is possible that Worcester was the Eagre family’s hometown, and that they were going to bury Mrs. Eagre there.</note> Thursday morning her husband and Mother was here, Dear Mother I hope I shall not die in a Hotel, I was always intimate and went out some with <choice><sic>Mrs</sic><corr>Mrs.</corr></choice> Eagre, but was not near as intimate as <choice><sic>Mrs</sic><corr>Mrs.</corr></choice> Kimble they were together most of the time used to sleep together be like sisters, <choice><sic>Mrs</sic><corr>Mrs.</corr></choice> Kimble was the same as usual never shed one single tear the other women boarders never cried or appeared affected Dear Mother I never knew I was such a weak Charlie says its weakness but Mother I know if it was 
                <choice><sic>neccessary</sic><corr>necessary</corr></choice> I could do as much as any one my letter is getting too serious I did not know persons were so could appear and feel the <pb facs="LOC006hwhlvvw31856.04.jpg"/>same in such a time, it is much better, but it seems hard to me, from here she died Wednesday afternoon taken away Thursday morning Thursday night there was a large ball here <choice><sic>Mrs</sic><corr>Mrs.</corr></choice> Kimble danced all the evening I did not go in or see them, of course its the way of the world but it seemed strange to me, every thing went on the same as usual, I am not childish or <hi rend="underline">foolish</hi> but mammy I dont want to die in a Hotel, <gap/> Dear Mother now I am going to write better I am afraid my letter has been too 
            <choice><sic>melencholly</sic><corr>melancholy</corr></choice> I have written and not sent so many letters I shall send this one The Lake is frozen over beautifully Charlie has got a fine pair of skates and has grand times skating he likes it much one day Saturday I and 
            Mary Jane Blodgett<note xml:id="n9" type="editorial" resp="jse">Mary Jane Blodgett &#40;1845&#8211;1934&#41; was the daughter of Mr. Blodgett, the principal owner of the Exchange Hotel, where the Heydes stayed intermittently during the 1850s.  She is mentioned in Hannah’s letter to Mother Whitman dated January 1856, not included as part of this edition.</note>, went down and had a nice ride on sleds the air seems so good on the Lake 
            </p>
            
            <p>
            Dear Mother I had written so far when I <choice><abbr>rec'd</abbr><expan>received</expan></choice> the package for me and the letter you sent to Charlie, he had gone to 
                High Bridge<note xml:id="n10" type="editorial" resp="jse">Located on the Winooski River, High Bridge was one of the scenes Heyde painted often; at least seventeen of his paintings are titled from this locale.  See, for instance <hi rend= "italic">Study on the Winooski</hi> and <hi rend= "italic">Winooski River High Bridge</hi>, in <hi rend="italic">Charles Louis Heyde: Nineteenth-Century Vermont Landscape Painter</hi>, ed. Nancy Price Graff and E. Thomas Pierce &#40;Burlington, VT: Robert Hull Fleming Museum, University of Vermont, 2001&#41;, 68&#8211;72. The Winooski River winds through north Burlington.</note> did not return <choice><abbr>till</abbr><expan>until</expan></choice> night so of course I knew it was from home and broke it open, I am afraid Mammy dear Charlie has made you feel bad, I was some angry at him when I read the letter but he was not here if he had been I should not have said anything angry to him because it will not do he is so easily 
            <choice><sic>irratated</sic><corr>irritated</corr></choice>, when he came home I was the same as usual I had got over my angry fit, I tried to be more pleasant than usual, he read the letter and went directly over to his room. I expect he has written to you, but I do not know, I am very glad mother since Charlie wrote to to you such 
            <choice><sic>ricdiculous</sic><corr>ridiculous</corr></choice> stuff (what it is I <choice><sic>cant</sic><corr>can't</corr></choice>
                <choice><sic>immagine</sic><corr>imagine</corr></choice>), that you noticed it, that you wrote to him, as you did <gap/> I have only spoken of it once asked him what he wrote home but he got angry very I shall not speak of it, to him again, because he will not bear it You must not let any thing Charlie writes annoy you I do not like to say any thing against Charlie <pb facs="LOC006hwhlvvw31856.05.jpg"/> but when he gets angry at me, it makes no 
            <choice><sic>diffirrence</sic><corr>difference</corr></choice> what he says, just as likely to say one thing as another  it was very wrong for him to speak so of me but he and you too know that it is too <choice><sic>unlikly</sic><corr>unlikely</corr></choice> and absurd to think or believe.  there was never  before such a 
            <choice><sic>ricidulous</sic><corr>ridiculous</corr></choice> idea got in <choice><sic>anyones</sic><corr>anyone's</corr></choice> head.  I am very dependent on Charlie and he provides well for me  I could not live without him.  at times he is very unkind to me  there is nothing bad enough for him to say, sometimes I mind it not so much at other times I fret 
                <choice><sic>untill</sic><corr>until</corr></choice> I am sick.  he has not the least patience with me finds fault with me for every thing but I think it his disposition  I know to save my life I cannot help his getting angry  I should feel like another person I should be much happier if he was not so, what I cannot possibly <pb facs="LOC006hwhlvvw31856.06.jpg"/>help I must make the best of.  I want you all at home to think well of Charlie.  you must not think ill of any thing he has written to you.  I think he has written lately <choice><sic>dont</sic><corr>don't</corr></choice> let any thing I write annoy you either.  I <choice><sic>dont</sic><corr>don't</corr></choice> know what Charlie meant writing to you so.  when I first came here I and Charlie went out around the place some with 
            Mr. Hagadone<note xml:id="n11" type="editorial" resp="jse">This may be a reference to William Hagadone &#40;1822&#8211;?&#41;, employed as a railroad agent, who later lived in Boston.</note> a boarder.  I went with him once to the 
            P.O<note xml:id="n12" type="editorial" resp="jse">Hannah’s abbreviation for Post Office.</note>  one pleasant day I went from <choice><sic>Charlie</sic><corr>Charlie's</corr></choice>  room to the old camp ground another time he invited Charlie and I to go to two concerts one time Charlie I and he went, 
            <choice><sic>annother</sic><corr>another</corr></choice> time I went, and Charlie did not go, others went from the house another time Charlie and I, went with him to 
                Plattsburg<note xml:id="n13" type="editorial" resp="jse">Plattsburgh, New York, is on the other side of Lake Champlain, northwest of Burlington.  Hannah mentions Plattsburgh in her letter to Mother Whitman dated December 20, 1855.</note> across the Lake.  Mother it does seem so absurd for me to talk about.  Mr Hagadone was never more than civil to me.  I was civil to him because he interested himself somewhat in <choice><sic>Charlie</sic><corr>Charlie's</corr></choice> raffles<note xml:id="n14" type="editorial" resp="jse">Heyde followed the example set by the Art Unions in the mid-nineteenth century, of holding a lottery &#40;or raffle&#41; to sell his paintings.  More than likely Heyde charged a nominal fee for the tickets he sold.  See William H. Gerdts Jr.,  <hi rend="italic">Painting and Sculpture in New Jersey</hi> (Princeton, NJ: D. Van Nostrand, 1964), 84.</note>.  I felt under some little obligation, occasionally he would come in <pb facs="LOC006hwhlvvw31856.07.jpg"/>our room of an evening with others and play cards but it is a long time since.  he is a person that I rather dislike, although he has been rather clever to Charlie he was the means of Charlies 
            sending that picture to Boston<note xml:id="n15" type="editorial" resp="jse">Hannah is referring to a painting that Heyde had sent to Boston to be raffled &#40;see her letter to Mother Whitman, January 1856&#41;; Heyde had received &#36;75 for the painting. Hannah mentions that this was a “very low” price.</note>.  I never went any where with Mr Hagadone only those few times <choice><sic>thats</sic><corr>that's</corr></choice> two or three months since  I always asked Charlie and he was perfectly willing  he never comes in here nor I never speak to him now more than good morning  I never say more than that I have not the slightest cause but I rather dislike him  I very seldom see him.  Mamy it is so very foolish I dont know but what I have been 
                <choice><sic>writting</sic><corr>writing</corr></choice> foolish if I knew what Charlie had written to you you said something about my flirting with some person <pb facs="LOC006hwhlvvw31856.08.jpg"/>I <choice><sic>dont</sic><corr>don't</corr></choice> know what makes Charlie like to speak so of me I never flirted or thought of such a thing.  I should like very much dear Mother to come and see you.  sometimes I feel very miserable and unhappy  I never do without cause, and I always soon get over it.  I think after I get my teeth fixed I will come home  I want to see you all very much  I wonder if you want to see me as much  Mother is not Walt going to send me the 
                Dispatch<note xml:id="n16" type="editorial" resp="jse">The <hi rend="italic">New York Dispatch</hi> was published from 1854 to 1861.  See Library of Congress, <hi rend= "italic">Chronicling America: Historic American Newspapers</hi> (web).</note> this week.  I hope he will  Mother <choice><sic>dont</sic><corr>don't</corr></choice> feel bad towards Charlie if he has written another queer letter.  he always seems to want you all to like him and I want you to.  Charlie is very fault finding and <choice><sic>irratible</sic><corr>irritable</corr></choice>and he <choice><sic>immagines</sic><corr>imagines</corr></choice> or thinks singularly to save my life I cannot do any thing without his finding fault little foolish things that no one would notice it is not in good taste for me to say anything ill of him.  I 
            <choice><abbr>rec'd</abbr><expan>received</expan></choice> your last letter mother I have not one bit more paper here
                
                
            </p>
            
            <p>
            Charlie has written something about the <gap reason="illegible"/>   an old man stops here sometimes
            </p>
            
            <p>
            I am much 
            <choice><sic>oblidged</sic><corr>obliged</corr></choice><note xml:id="n17" type="editorial" resp="jse"> Hannah had asked Mother Whitman, in her letter from January 1856, to purchase and to send hair.  Selling and buying hair was not an unusual practice in nineteenth-century America: see chapter 15 of <hi rend= "italic">Little Women</hi>, in which Jo sells her chestnut hair.</note> for the hair
            </p>
            
            <p>
            Good Bye mother the hair you sent was first rate, twice as much as I expected to have
            </p>
            
            <p>
            Charlie talks also of 
            <choice><sic>comeing</sic><corr>coming</corr></choice> home I wish you would ask him too
            </p>
            
            <p>
            Write as often as you can give my love all my brothers, tell Jeff to write
            </p>

            <closer>
                <salute>Good bye</salute>
                <signed>Han</signed>
            </closer>
        </body>
    </text>
</TEI>