<?xml-model href="http://www.tei-c.org/release/xml/tei/custom/schema/relaxng/tei_all.rng" type="application/xml" schematypens="http://relaxng.org/ns/structure/1.0"?>
<TEI xmlns="http://www.tei-c.org/ns/1.0">

<teiHeader xml:lang="eng">
<fileDesc>
<titleStmt>
<title type="main" level="m">Hannah Whitman Heyde to Walt Whitman [December 25, 1885]</title>
<author>Hannah Whitman Heyde</author>
<editor>Maire Mullins</editor>
<respStmt>
<resp>Transcription and encoding</resp>
<persName xml:id="kb">Kelsey Barkis</persName>
<persName xml:id="mp">Maddie Perrin</persName>
</respStmt>
<sponsor>Center for Digital Research in the Humanities, University of Nebraska-Lincoln</sponsor>
<sponsor>Pepperdine University</sponsor>
</titleStmt>
<editionStmt>
<edition>
<date>2016</date>
</edition>
</editionStmt>
<publicationStmt>

<authority>Scholarly Editing: The Annual of the Association for
            Documentary Editing</authority>
            <address>
                    <addrLine>http://www.scholarlyediting.org</addrLine>
            </address>
            <publisher>Association for Documentary Editing</publisher>
            <publisher>University of Nebraska&#8211;Lincoln</publisher>
            <distributor>
                <name>Center for Digital Research in the Humanities</name>
                <address>
                        <addrLine>319 Love Library</addrLine>
                        <addrLine>University of Nebraska&#8211;Lincoln</addrLine>
                        <addrLine>Lincoln, NE 68588-4100</addrLine>
                        <addrLine>http://cdrh.unl.edu</addrLine>
                    </address>
            </distributor>
            <date>2016</date>
            <availability>
                <p>Scholarly Editing: The Annual of the Association for Documentary
                   Editing is freely distributed by the Association for Documentary
                   Editing and the Center for Digital Research in the Humanities at
                   the University of Nebraska-Lincoln and licensed under a Creative
                   Commons Attribution-NonCommercial-Share Alike 3.0 Unported
                   License</p>
            </availability>
    <idno type="file">LOC018hwhww121885</idno>
    <idno type="edition">whitmanheydeletters</idno>
</publicationStmt>
<seriesStmt>
            <title level="j">Scholarly Editing: The Annual of the Association for
             Documentary Editing</title>
            <respStmt>
                <resp>editor</resp>
                <name xml:id="ag">Amanda Gailey</name>
            </respStmt>
            <respStmt>
                <resp>editor</resp>
                <name xml:id="awj">Andrew Jewell</name>
            </respStmt>
            <idno type="vol">37</idno>
            <idno type="ISSN">2167-1257</idno>
</seriesStmt>
<sourceDesc>
<bibl>
<author>Hannah Whitman Heyde</author>
<title>Hannah Whitman Heyde to Walt Whitman [December 25, 1885]</title>
<date xml:id="dat1" when="1885-12-25" cert="high">December 25, 1885</date>
<orgName xml:id="col">Hannah Louisa Whitman Heyde Papers, 1853-1892, Library of Congress, Washington, DC</orgName>
    
</bibl>
</sourceDesc>
</fileDesc>
<profileDesc>
<particDesc>
<person role="sender">
<persName key="Heyde, Hannah Whitman">Hannah Whitman Heyde</persName>
</person>
<person role="recipient">
<persName key="Whitman, Walt">Walt Whitman</persName>
</person>
</particDesc>
</profileDesc>
<revisionDesc>
<change when="2015-07-01" who="#kb">encoded</change>
<change when="2015-08-17" who="#mp">encoded annotations</change>
<change when="2015-09-07" who="#mm">edited and proofread</change>
    <change when="2016-04-21" who="mm">revised notes</change>
    <change when="2016-04-24" who="#mm">proofread and revised</change>
    <change when="2016-05-11" who="#mm">copyedit revision</change>
</revisionDesc>
</teiHeader>
<text type="letter">
    <body><pb facs="LOC018hwhww121885.01.jpg"/>
<opener>
<dateline>
<name type="Burlington">Burlington <choice><abbr>Vt.</abbr><expan>Vermont</expan></choice></name>
<date when="1885-12-25">Christmas Afternoon &#91;1885&#93; </date><note xml:id="n1" type="editorial" resp="jse">This letter dates to December 25, 1885.  Hannah refers to "all the principal streets in Burlington being graded &amp; flagged Pearl &#40;our street&#41; recently."  
According to the <hi rend="italic">Twenty-First Annual Report of the City of Burlington, Vermont &#40;1885&#41; </hi>,  "The heaviest expense of the year has been caused by the extensive repairs on Pearl, Union and St. Paul streets. Pearl street has been brought to grade from 
the Ravine to Prospect street, and has been curbed and guttered from Church street to Prospect street, excepting one side of the street between Union and Willard street.  With the exception of two blocks the flagging is five feet wide"
&#40;Burlington: R.S. Styles, 1886&#41;, 61.</note>
</dateline>
<salute>My Dear Brother</salute>
</opener>
<p>I thank you with all my heart you are so kind I <choice><sic>dont</sic><corr>don't</corr></choice> know what to say.</p>
<p>I was sitting here all alone last night, when your letter came &#8212; I thought it was pretty nice. &#8212; went to bed feeling happy as anything feel first rate <choice><sic>to day</sic><corr>today</corr></choice> &#8212; have had a good deal to make me feel cheery &#8212;. your letter &#38;
<choice><sic>presant</sic><corr>present</corr></choice> and Lou<note xml:id="n2" type="editorial" resp="jse">Louisa Orr Haslam Whitman &#40;1842-1892&#41;, known as "Lou," married George Whitman on April 14, 1871. They moved to Camden in 1872. 
Walt Whitman lived with them from 1873 to 1884.  See Karen Wolfe, "Whitman, Louisa Orr Haslam &#40;Mrs. George&#41; &#40;1842-1892&#41;," in <hi rend="italic">Walt Whitman: An Encyclopedia</hi>, ed. J.R. LeMaster and Donald D. Kummings &#40;New York: Garland, 1998&#41;, 781.</note> 
    sent me just as nice a dress as I want <pb facs="LOC018hwhww121885.02.jpg"/>with all the <choice><sic>trimings</sic><corr>trimmings</corr></choice>. &#38; pair of knit shoes and a nice letter.  All as good as good can be.</p>
<p>I hope, know you are having a good Christmas Walt dear for you spoke of going out to dinner, and its a pleasant day, not very cold the weather has been <choice><sic>unuasuly</sic><corr>unusually</corr></choice> mild  &#38; pleasant this winter 
I went down street yesterday just to see the sights, did not go in a single place, it has been an unusual lively <choice><abbr>Chrs.</abbr><expan>Christmas</expan></choice> here, fine sleighing. &#8212; one could hardly cross Church <choice><abbr>St.</abbr><expan>Street</expan></choice> yesterday for the sleighs Burlington has improved, changed much, 
    since you was here, <note xml:id="n3" type="editorial" resp="jse">Whitman visited Burlington in June 1872, as an extension of a trip he took to Dartmouth College in New Hampshire to deliver the commencement poem.  Whitman wrote "As a Strong Bird on Pinions Free" for the occasion.  See Gay Wilson Allen, <hi rend="italic">The Solitary Singer</hi> &#40;Chicago: University of Chicago Press, 1985&#41;, 442.</note> <pb facs="LOC018hwhww121885.03.jpg"/> many fine buildings. all the principal <choice><abbr>St.</abbr><expan>streets</expan></choice> graded &#38; flagged Pearl &#40;our street&#41; recently.&#8212;</p>
<p>Mrs. Rose one of my near neighbors just now, came to the window and wants me to come in, to see her <choice><abbr>Chrs</abbr><expan>Christmas</expan></choice> presents.</p>
<p>Am all alone this afternoon C.<note xml:id="n4" type="editorial" resp="jse">Hannah's abbreviation for Charles. </note> gone away <choice><sic>somewheres</sic><corr>somewhere</corr></choice>
. &#8212; his lottery<note xml:id="n5" type="editorial" resp="jse">Heyde followed the example set by the Art Unions in the mid-nineteenth century, of holding a lottery &#40;or raffle&#41; to sell his paintings.  The Art Union would charge subscribers to belong to 
its organization each year, and at the end of the year a drawing would be held.  Winners would receive original works of art that the Art Union had purchased.  More than likely Heyde charged a nominal fee for the tickets he sold.  See William H. 
Gerdts Jr., <hi rend="italic">Painting and Sculpture in New Jersey</hi> &#40;Princeton NJ: D. Van Nostrand, 1964&#41;, 84.</note> came off a week ago, I believe he is going to dispose of more pictures same way.</p>
<p>Glad you sent me the Herald.<note xml:id="n6" type="editorial" resp="jse">The New York <hi rend="italic">Herald</hi>, a daily newspaper, was established by James Gordon Bennett on May 16, 1835. The <hi rend="italic">Herald</hi> &#40;published 
from 1835 to 1924&#41; was a "popular, cheap, mass circulation newspaper....the most successful and widely circulated newspaper in mid-nineteenth-century America." See James Crouthamel, <hi rend="italic">Bennett's New York Herald and the 
Rise of the Popular Press</hi> &#40;Syracuse, NY: Syracuse University Press, 1989&#41;, ix.</note></p>
        <p>Hope you will have a happy New Year, Walt dear.</p><pb facs="LOC018hwhww121885.04.jpg"/>
<p>If you should see Lou before I write to her, will you tell her, I was wonderfully pleased with her sending me the things. &#8212;</p>
<p>I think you are all very good to me.</p>
<closer>
<salute>I must <hi rend="underline">thank</hi> you again, Walt, a thousand, thousand times.</salute>
<signed>Han</signed>
</closer>
</body>
</text>
</TEI>