<?xml-model href="http://www.tei-c.org/release/xml/tei/custom/schema/relaxng/tei_all.rng" type="application/xml" schematypens="http://relaxng.org/ns/structure/1.0"?>
<TEI xmlns="http://www.tei-c.org/ns/1.0">
    <teiHeader xml:lang="eng">
<fileDesc>
<titleStmt>
<title type="main" level="m">Hannah Whitman Heyde to Louisa Van Velsor Whitman July 24 &#91;1855&#93;</title>
<author>Hannah Whitman Heyde</author>
<editor role="main">Maire Mullins</editor>

<respStmt>
<resp>Transcription and encoding</resp>
<persName xml:id="as">Allan Spencer</persName>
<persName xml:id="er">Eliza B. Riegert</persName>
<persName xml:id="mp">Madison Perrin</persName>
</respStmt>
    <respStmt>
<resp>editing and proofreading</resp>
<persName xml:id="mm">Maire Mullins</persName>
</respStmt>
</titleStmt>
<editionStmt>
<edition>
<date>2016</date>
</edition>
</editionStmt>
<publicationStmt>

            <authority>Scholarly Editing: The Annual of the Association for
            Documentary Editing</authority>
            <address>
                    <addrLine>http://www.scholarlyediting.org</addrLine>
            </address>
            <publisher>Association for Documentary Editing</publisher>
            <publisher>University of Nebraska&#8211;Lincoln</publisher>
            <distributor>
                <name>Center for Digital Research in the Humanities</name>
                <address>
                        <addrLine>319 Love Library</addrLine>
                        <addrLine>University of Nebraska&#8211;Lincoln</addrLine>
                        <addrLine>Lincoln, NE 68588-4100</addrLine>
                        <addrLine>http://cdrh.unl.edu</addrLine>
                    </address>
            </distributor>
            <date>2016</date>
            <availability>
                <p>Scholarly Editing: The Annual of the Association for Documentary
                   Editing is freely distributed by the Association for Documentary
                   Editing and the Center for Digital Research in the Humanities at
                   the University of Nebraska-Lincoln and licensed under a Creative
                   Commons Attribution-NonCommercial-Share Alike 3.0 Unported
                   License</p>
            </availability>
    <idno type="file">LOC003hwhlvvw7241855</idno>
    <idno type="edition">whitmanheydeletters</idno>
</publicationStmt>
<seriesStmt>
            <title level="j">Scholarly Editing: The Annual of the Association for
             Documentary Editing</title>
            <respStmt>
                <resp>editor</resp>
                <name xml:id="ag">Amanda Gailey</name>
            </respStmt>
            <respStmt>
                <resp>editor</resp>
                <name xml:id="awj">Andrew Jewell</name>
            </respStmt>
            <idno type="vol">37</idno>
            <idno type="ISSN">2167-1257</idno>
</seriesStmt>

<sourceDesc>
                <bibl>
                    <author>Hannah Whitman Heyde</author>
                    <title>Hannah Whitman Heyde to Louisa Van Velsor Whitman, July 24, &#91;1855&#93;</title>
                    <date cert="medium" when="1855-07-24" xml:id="dat1">July 24 &#91;1855&#93;</date>          
                    <orgName xml:id="col">Hannah Louisa Whitman Heyde Papers, 1853-1892, Library of Congress, Washington, D.C.</orgName>
					<note type="project">Transcribed and encoded from the original manuscript, then edited and annotated by Maire Mullins</note>
                   
                </bibl>
            </sourceDesc>
        </fileDesc>
        <profileDesc>
            <particDesc>
                <person role="sender">
                    <persName key="Heyde, Hannah Whitman">Hannah Whitman Heyde</persName>
                </person>
                <person role="recipient">
                    <persName key="Whitman, Louisa Van Velsor">Louisa Van Velsor Whitman</persName>
                </person>
            </particDesc>
        </profileDesc>
        <revisionDesc>
        	<change when="2015-06-16" who="#mm">checked</change>
            <change when="2015-05-20" who="#er">encoded</change>
            <change when="2015-09-09" who="#mp">encoded annotations</change>
			<change when="2015-09-11" who="#mm">proofread</change>
            <change when="2016-04-01" who="#mm">proofread</change>
            <change when="2016-04-24" who="#mm">proofread and revised punctuation</change>
            <change when="2016-04-29" who="#mm">proofread and revised punctuation</change>
            <change when="2016-05-11" who="#mm">made copyedit changes</change>
        </revisionDesc>
    </teiHeader>

    <text type="letter">
        <body><pb facs="LOC003hwhlvvw7241855.01.jpg"/>
            <opener>
                <dateline>
                    <name type="place"><choice><sic>Wendesesday</sic><corr>Wednesday</corr></choice> morning, Bardwell House, Rutland</name>
                    <date when="1855-07-24">July 24 &#91;1855&#93;</date><note xml:id="n1" type="editorial" resp="jse">Richard Maurice Bucke dated this letter 1855, after crossing out the dates of '61 and '67. The year 1855 is confirmed by the events mentioned in the letter, especially Hannah's references to the trip from Rutland to Clarendon Springs.  Hannah dated this letter as Wednesday, July 24, but Wednesday fell on July 25 in 1855.  So in this case the day of the week &#8212; Wednesday &#8212; probably supersedes the numerical day; this letter can thus be dated July 25, 1855.</note>
                </dateline>
                <salute>My dear Mother,</salute>
            </opener>
            <p>we do not hear a word from any of you I think if you was sick some of them 
                would send me word I have been wishing and expecting to hear from you every 
                day we shall be here some days longer. I wish some of you would write a line
                or two. I am very anxious I am so afraid you are sick, I am not very well 
                myself my appetite is not good at all not being very strong any trouble 
                knocks me up completely I want very much to see you &#40;a lady boarder 
                in the house, <hi rend="underline">Mother</hi> &#41; came to see her 
                yesterday I quite envied her I dont know or speak to anyone in the house, 
                this <choice><sic>ladies</sic><corr>lady's</corr></choice> husband 
                indulges her he will hardly let her walk down stairs I have only seen 
                her down once he has her meals sent up she is quite humored enough 
                and I <choice><sic>dont</sic><corr>don't</corr></choice> think 
                needed her mother as much as I do&#41; &#8212;Mother dear 
                perhaps my writing about such trifles will take your mind a little 
                I wish it could, do you ever wonder Mother how I am getting along 
                you have enough other things to think of and enough other trouble. 
                I do hope you feel somewhat reconciled and cheerful by this time I 
                know by myself <choice><sic>ones</sic><corr>one's</corr></choice> 
                mind affects the body so very much <choice><sic>dont</sic><corr>don't</corr></choice> 
                get sick dear Mother, I am afraid I write 
                rather <choice><sic>meloncholy</sic><corr>melancholy</corr></choice>, 
                I ought to write more cheerfully, but you know I cannot disguise 
                my feelings very much I do not feel cheerful, if I could have 
                seen and spoken to Father I am afraid I make you feel bad Mother 
                I have no one here to speak to, I expect the boys all try to 
                appear cheerful and would not like my writing what would renew your 
                grief <pb facs="LOC003hwhlvvw7241855.02.jpg"/>a little time makes much 
                difference with me &#8212; </p>
            <p>I wish some of you would write immediately before we leave here 
                I <choice><sic>dont</sic><corr>don't</corr></choice> know how long 
                we shall be here did you get that line I wrote the day we came here. 
                I was very sick and miserable that day but I rode from Clarendon 
                Springs<note xml:id="n2" type="editorial" resp="jse">Clarendon Springs, 
                    a small village southwest of Rutland, was known for its natural spring 
                    water.</note> here, &#40;six or seven miles&#41; in an open wagon 
                very <choice><sic>ruff</sic><corr>rough</corr></choice> stony road. 
                I would liked its being <choice><sic>ruff</sic><corr>rough</corr></choice> 
                once but my side is weak it hurt me some, once so I almost screamed 
                our being there was very expensive and unpleasant for me but Charlie 
                liked it &#40;they generally come down to 
                Rutland<note xml:id="n3" type="editorial" resp="jse">Rutland, a major 
                    stop on the Rutland Railroad, is five miles from 
                    Clarendon Springs.</note> in a Coach they had hired it to a 
                party for that day. Charlie paid half a dollar each for our riding 
                here in that unpleasant &#40;for me&#41; manner, and &#36;2, 50 
                cents for our being taken down 
                our <choice><sic>expences</sic><corr>expenses</corr></choice> there 
                was &#36;1.50 each a day besides other little things, here 
                our <choice><sic>expences</sic><corr>expenses</corr></choice> are &#36;2, 
                each a day <choice><sic>thats is</sic><corr>that is</corr></choice> what 
                we expect,&#41; Dear Mother I speak of all these little things to take 
                your mind, <choice><sic>its</sic><corr>it's</corr></choice> possible 
                we may remain here in Rutland some weeks 
                I <choice><sic>dont</sic><corr>don't</corr></choice> know where we 
                shall go next early in September Charlie is going to 
                Lake Champlain<note xml:id="n4" type="editorial" resp="jse">Lake 
                    Champlain is one of the largest freshwater lakes in the United States.  
                    Burlington, Vermont, is located on its east shore.  
                    The lake sits in a valley between the Green Mountains 
                    of Vermont and the Adirondacks of New York.</note> positively 
                he is not doing anything here the scenery here does not suit 
                him <choice><sic>Mr</sic><corr>Mr.</corr></choice> 
                Baxter<note xml:id="n5" type="editorial" resp="jse">Don Carlos 
                    Baxter &#40;1809&#8211;1874&#41; inherited a fortune from his 
                    father, who had been a prominent Vermont attorney.  
                    Baxter attended law school and passed the bar in 1832 
                    but never practiced law; he focused on investments and real 
                    estate. He lived in the Potwin-Winterbotham House on Willard Street 
                    in Burlington, a large twenty-room yellow brick house.  See 
                    David J. Blow, <hi rend="italics">Historic Guide to Burlington 
                        Neighborhoods</hi> &#40;Burlington, VT: Chittenden County 
                    Historical Society, 1991&#41;, 1: 126&#8211;27.</note> &#40;
                the one he thought to paint some views for has no time ever to see 
                about <choice><sic>any thing</sic><corr>anything</corr></choice> but 
                his own business he does not want 
                <choice><sic>any thing</sic><corr>anything</corr></choice> at any 
                rate at present if he ever does he has taken 15 tickets in 
                the <choice><sic>rafle</sic><corr>raffle</corr></choice>
                <note xml:id="n6" type="editorial" resp="jse">Heyde followed the 
                    example set by the Art Unions in the mid&#8211;nineteenth century, 
                    of holding a lottery &#40;or raffle&#41; to sell his paintings.  
                    The Art Union would charge subscribers to belong to its organization 
                    each year, and at the end of the year a drawing would be held. 
                    Winners would receive original works of art that the Art Union had 
                    purchased.  More than likely Heyde charged a nominal fee for the 
                    tickets he sold.  See William H. Gerdts Jr., <hi rend="italics">Painting 
                        and Sculpture in New Jersey</hi> &#40;Princeton, NJ: D. Van 
                    Nostrand, 1964&#41;, 84.</note> for a painting Charlie brought with us from 
                B.F.&#41;<note xml:id="n7" type="editorial" resp="jse">Bellows Falls, on the 
                    banks of the Connecticut River, is in southeast Vermont, and was 
                    accessible by railroad in the early 1850s. Heyde's painting, 
                    <hi rend= "italics">Bellows Falls from the Bridge</hi>, is dated 
                    as 1855; he also painted many versions 
                    of Saxtons River, not far from Bellows Falls.  
                    See <hi rend="italics">Charles Louis Heyde: Nineteenth&#8211;Century 
                        Vermont Landscape Painter</hi>, ed. Nancy Price Graff and E. 
                    Thomas Pierce &#40;Burlington, VT: Robert Hull Fleming Museum, 
                    University of Vermont, 2001&#41;, 89&#8211;90.
                </note> <choice><sic>Mr</sic><corr>Mr.</corr></choice> Baxter was the 
                cause of Charlie <choice><sic>comeing</sic><corr>coming</corr></choice> 
                here he is a very fine man Charlie thinks, 
                <choice><sic>Charlie</sic><corr>Charlie's</corr></choice> expenses are 
                of course very great he has found very much fault with my being with him, 
                with its being double <choice><sic>expence</sic><corr>expense
                </corr></choice> he has pretty large prices for his pictures the one 
                here is to be raffled for this week at &#36;150, and he has an order 
                to paint one at Lake Champlain <pb facs="LOC003hwhlvvw7241855.03.jpg"/>at 
                the same price perhaps Charlie would not like my speaking of
                his <choice><sic>buisiness</sic><corr>business</corr></choice>. 
                some persons were travelling gave him an order. I will speak more 
                about it next time I wish to send this letter today I intend or 
                should like to come home pretty soon before he goes to 
                L.C.<note xml:id="n8" type="editorial" resp="jse">Hannah's abbreviation
                    for Lake Champlain.</note> Charlie has means to meet 
                his expenses his income is much more but his expenses are very 
                much more he thinks or has 
                <choice><sic>talks</sic><corr>talked</corr></choice> a great deal of 
                my going home almost ever since I been in the country I have packed 
                my trunk once to go I cannot help being so much
                <choice><sic>expence</sic><corr>expense</corr></choice> to him 
                and am sure I would rather not live in this way I have no appetite 
                and shall probably not go down 
                <choice><sic>to day</sic><corr>today</corr></choice> Charlie has 
                gone to Southerland Falls<note xml:id="n9" type="editorial" resp="jse">
                    Southerland Falls &#40;also known as Sutherland Falls&#41;, in Proctor, 
                    Vermont, is ten miles north of Rutland.</note>, I have not been 
                happy I could not be, because Charlie has not been kind perhaps he 
                will be better I know he cannot be more unkind than he has been almost 
                ever since I have been in the country one gets weary of being found 
                fault with always still I <choice><sic>dont</sic><corr>don't</corr></choice> 
                know where I should go or do without him I should not have remained in the 
                country if I could have helped it I could not do any thing else I could 
                only go home he says enough of this dear Mother 
                <choice><sic>its</sic><corr>it's</corr></choice> better to look on 
                the bright side Charlie has not been unkind 
                <choice><sic>to day</sic><corr>today</corr></choice> I do not write 
                with my mind agitated and I do not 
                <choice><sic>immagine</sic><corr>imagine</corr></choice> things and 
                I do not exaggerate I have one comfort he 
                <choice><sic>cant</sic><corr>can't</corr></choice> be much 
                worse than he has been if <choice><sic>theres</sic><corr>there's</corr></choice>
                any change he must be better, he has been once to Southerland Falls but was 
                not much pleased with the scenery perhaps <pb facs="LOC003hwhlvvw7241855.04.jpg"/>he 
                will like it better <choice><sic>its</sic><corr>it's</corr></choice> only 5 
                miles from here if he should paint view there we shall remain in Rutland a 
                little longer I wish you could come out here Mother it would be a change and if 
                you are strong enough to bear the journey, it would do you good, but that would 
                be too much pleasure for me to have this house is rather superior in many things 
                to the Island House, <choice><sic>its</sic><corr>it's</corr></choice> very hot 
                here <choice><sic>to day</sic><corr>today</corr></choice> Rutland is said to 
                be a very hot place, my room is quiet and very nice and handsome 
                quite <choice><sic>styleish</sic><corr>stylish</corr></choice> 
                <choice><sic>wont</sic><corr>won't</corr></choice> you come see
                <choice><sic>mee</sic><corr>me</corr></choice> mammy I am always at 
                home and alone</p>
            <p>I shall not have time to write longer give my love to all my brothers and 
                Mary<note xml:id="n10" type="editorial" resp="jse">Mary Elizabeth Whitman 
                    Van Nostrand &#40;1821&#8211;1899&#41; was the third child of Walter Whitman 
                    and Louisa Van Velsor Whitman, and Hannah's older &#40;and only&#41; sister.  
                    Mary married Ansel Van Nostrand, a shipbuilder, in 1840 and moved to 
                    Greenport, Long Island, a whaling town.  Hannah and Walt visited her 
                    there before Hannah's marriage to Heyde.  Mary and Ansel had five 
                    children: George, Fanny, Louisa, Ansel,and Minnie.  See Katherine Molinoff, 
                    <hi rend="italics">Some Notes on Whitmans Family</hi> &#40;Brooklyn: 
                    Comet, 1941&#41;, 3&#8211;4.</note>  
                and Mother write as soon as you possibly can I shall feel very bad if you 
                do not, or some of them rest must. I have not seen a newspaper to read 
                since I have been from home. I wish one of my brothers could send me 
                the Dispatch.<note xml:id="n11" type="editorial" resp="jse">The 
                    <hi rend="italics">New York Dispatch</hi> was published from 1854 to 1861.  See Library of Congress,  <hi rend="italics">Chronicling America: Historic American Newspapers</hi> &#40;web&#41;.</note> Charlie sees them in the reading room but I have not since <choice><sic>Ive</sic><corr>I've</corr></choice> been in the country, it does me good to write home I feel be </p>
            <p>I shall not let you all forget me </p>
            <p>I shall come home pretty soon</p>
            <closer>
                <salute><choice><sic>Good bye</sic><corr>Goodbye</corr></choice> Mother 
                    and all the rest</salute>
                <signed>Han</signed>
            </closer>
        </body>
    </text>
</TEI>
