<?xml-model href="http://www.tei-c.org/release/xml/tei/custom/schema/relaxng/tei_all.rng" type="application/xml" schematypens="http://relaxng.org/ns/structure/1.0"?>
<TEI xmlns="http://www.tei-c.org/ns/1.0">
<teiHeader xml:lang="eng">
    <fileDesc>
        <titleStmt>
            <title level="m" type="main">Hannah Whitman Heyde to Louisa Van Velsor Whitman, March 4 [1873]</title>
            <author>Hannah Whitman Heyde</author>
            <editor>Maire Mullins</editor>
            <respStmt>
                <resp>transcription and encoding</resp>
                <name xml:id="kb">Kelsey Barkis</name>
                <name xml:id="er">Eliza Riegert</name>
            </respStmt>
            <respStmt>
				<resp>editing and proofreading</resp>
				<name xml:id="mm">Maire Mullins</name>
            </respStmt>
        </titleStmt>
        <editionStmt>
            <edition>
                <date>2016</date>
            </edition>
        </editionStmt>
        <publicationStmt>
            
            <authority>Scholarly Editing: The Annual of the Association for Documentary
                Editing</authority>
            <address>
                    <addrLine>http://www.scholarlyediting.org</addrLine>
                </address>
            <publisher>Association for Documentary Editing</publisher>
            <publisher>University of Nebraska&#8211;Lincoln</publisher>
            <distributor>
                <name>Center for Digital Research in the Humanities</name>
                <address>
                        <addrLine>319 Love Library</addrLine>
                        <addrLine>University of Nebraska&#8211;Lincoln</addrLine>
                        <addrLine>Lincoln, NE 68588-4100</addrLine>
                        <addrLine>http://cdrh.unl.edu</addrLine>
                    </address>
            </distributor>
            <date>2016</date>
            <availability>
                <p>Scholarly Editing: The Annual of the Association for Documentary Editing is
                    freely distributed by the Association for Documentary Editing and the Center for
                    Digital Research in the Humanities at the University of Nebraska-Lincoln and
                    licensed under a Creative Commons Attribution-NonCommercial-ShareAlike 3.0
                    Unported License</p>
            </availability>
            <idno type="file">LOC014hwhlvvw341873</idno>
            <idno type="edition">whitmanheydeletters</idno>
        </publicationStmt>
        <seriesStmt>
            <title level="j">Scholarly Editing: The Annual of the Association for Documentary
                Editing</title>
            <respStmt>
                <resp>editor</resp>
                <name xml:id="ag">Amanda Gailey</name>
            </respStmt>
            <respStmt>
                <resp>editor</resp>
                <name xml:id="awj">Andrew Jewell</name>
            </respStmt>
            <idno type="vol">37</idno>
            <idno type="ISSN">2167-1257</idno>
        </seriesStmt>
        <sourceDesc>
            <bibl>
                <!-- If the XML file is of content you uniquely created, simply put "Born digital."-->
                <!-- Otherwise, you can use the <sourceDesc> element to describe the bibliographic details of the material in your edition. -->
                <author>Hannah Whitman Heyde</author>
                <title>Hannah Whitman Heyde to Louisa Van Velsor Whitman, 1856</title>
                <idno type="callno"><!-- Repository location info, such as the folder number -->Hannah Louisa Whitman Heyde Papers, 1853-1892</idno>
                <orgName>
                    <!-- Organization name and information -->Library of Congress, Washington, D.C.
                </orgName>
                <note type="project">
                    <!-- For example, "Transcribed from the original manuscript, then collated against the 1983 transcription by Francis B. Dedmond." -->
                </note>  
                <date when="1873-03-04" when-iso="1873-03-04T01:02">March 4 [1873]</date>
            </bibl>
        </sourceDesc>
    </fileDesc>
</teiHeader>

 <text type="letter">
     <body><pb facs="LOC014hwhlvvw341873.01.jpg"/>
            <opener>
                <dateline>
                    <name type="place"></name>
                    <date when="1873-04-04">Tuesday afternoon March 4 [1873]</date><note xml:id="n1" type="editorial" resp="jse">This letter is dated “1873” in Richard Maurice Bucke’s hand, a date confirmed by the incidents Hannah mentions in the letter: Mattie Whitman &#40;referred to as "dear sister Martha" in this letter&#41;, Jeff Whitman's wife, died on February 19, 1873. March 4 fell on a Tuesday in 1873.  Hannah wrote this letter on the same day that she wrote a letter to her brother Walt, as she mentions.  The paper she used for both letters is similar.</note>
                </dateline>
                <salute>My dearest Mother</salute>
            </opener>
            <p>I have been writing a line or two to Walt, so I thought I would ask you how you are and how Walt is. I have nothing else particularly to write about, and I am always glad to hear from home</p>
         <p>Everything here is just the same. the neighbors run in and see me sometimes as usual I have not felt like going out, I am well perfectly only some anxious to hear from home, I would be glad to see you and Lou<note xml:id="n2" type="editorial" resp="jse">Louisa Orr Haslam Whitman &#40;1842-1892&#41;, known as “Lou,” married George Whitman on April 14, 1871. They moved to Camden in 1872, and Walt Whitman lived with them from 1873 to 1884. See Karen Wolfe, “Whitman, Louisa Orr Haslam &#40;Mrs. George&#41; &#40;1842-1892&#41;,” in <hi rend="italic">Walt Whitman: An Encyclopedia</hi>, ed. J.R. LeMaster and Donald D. Kummings &#40;New York: Garland, 1998&#41;, 781.</note> too &#38; George<note xml:id="n3" type="editorial" resp="jse">	George Washington Whitman &#40;1829-1901&#41; was the seventh child of Walter and Louisa Whitman, and ten years younger than Walt. George learned to read and write as a pupil under his older brother Walt &#40;who briefly served as a schoolteacher in Long Island&#41; and worked as a carpenter prior to his military service during the Civil War.  When the war ended, he became a pipe inspector for the City of Camden and the New York Metropolitan Water Board. See Martin G. Murray, “Whitman, George Washington,” in <hi rend="italic">Walt Whitman: An Encyclopedia</hi>, ed. J.R. LeMaster and Donald D. Kummings &#40;New York: Garland, 1998&#41;, 777-78.</note> I wish we lived nearer I <choice><sic>oten</sic><corr>often</corr></choice> wish so, although I like our little house so much <pb facs="LOC014hwhlvvw341873.02.jpg"/>
         I have meant mother to write again to Lou, that note I sent her was a poor return for her very kind letter. &#8212;</p>
            <p>Have you heard from brother Jeffy<note xml:id="n4" type="editorial" resp="jse">Thomas Jefferson Whitman&#40;1833-1890&#41;, “Jeff,” was the eighth child of Walter and Louisa Whitman. Walt’s favorite brother, Jeff played the piano and had a lively sense of humor.  He married Mattie Emma Mitchell on February 23, 1859. Jeff and Mattie moved in with Mother Whitman shortly after their marriage. In 1867 Jeff accepted a position as chief Engineer and superintendent of waterworks in St. Louis, Missouri.</note> yet dear mother, and the children too. dear little girls<note xml:id="n5" type="editorial" resp="jse">	Mattie and Jeff had two daughters, Manahatta &#40;“Hattie”&#41;, born on June 9, 1860, and Jessie Louisa, born on June 17, 1863.</note>. I love them very much indeed. A while ago Walt sent me a letter Hattie had written him, &#8212; I was very nice and smart. &#8212; I think they are much smarter than other children.</p>
            <p>I have not heard how Walt was since he wrote me about dear sister <choice><sic>Marthas</sic><corr>Martha's</corr></choice> death, he wrote the 21 Feb,</p>
         <p>I hope you are well as usual my dear Mother</p><pb facs="LOC014hwhlvvw341873.03.jpg"/>
            <p>I think you are wonderfully smart and well, for your age, &#8212; <choice><sic>Dont</sic><corr>Don't</corr></choice> you feel better since you have not kept house, not had so much housework to do</p>
            <p>Will Walt come to Camden<note xml:id="n6" type="editorial" resp="jse">Camden, New Jersey, where George and Lou had a house.  Mother Whitman and Eddy moved in with them in August 1872. Walt was in Washington, DC at the time of this letter, and had recently suffered a paralytic stroke.  See Geoffrey M. Sill, “Camden, New Jersey,” in <hi rend= "italic"> Walt Whitman: An Encyclopedia </hi> &#40;New York: Garland, 1998&#41;, 98-100.</note> soon as he is well enough Mother. I expect you and Lou and <choice><sic>Georg</sic><corr>George</corr></choice> feel anxious about his being there alone indeed we all feel as if we would do anything in the world for him</p>
            <p>I hope to hear from you soon Mother why <choice><sic>dont</sic><corr>don't</corr></choice> Lou write,</p>
         <p>This is not much of a letter dear Mother but I had to go down to <pb facs="LOC014hwhlvvw341873.04.jpg"/>the P.O.<note xml:id="n7" type="editorial" resp="jse">Hannah’s abbreviation for Post Office.</note>  to mail <choice><sic>Walts</sic><corr>Walt's</corr></choice> letter, and was waiting a few minutes for Charlie to come to tea, &#8212; and I know how glad I am to hear any little thing from home.</p>
            <p>I will write soon again and better next time </p>
            <p>You must take good care of yourself dear Mother</p>
            <p>I hope when I go down to the P.O. I will get a letter, that Walt is better</p>
            <closer>
                <salute>Good bye &#8212; Love to you and all the rest</salute>
                <signed>Han</signed>
            </closer>
            <!--<note place="top">Tuesday afternoon March 4</note>-->
        </body>
    </text>
</TEI>
