<?xml version='1.0' encoding='utf-8'?>
<linkGrp toDoc='BinyonDestree.translation.xml' fromDoc='BinyonDestree.original.xml'>
<link type='0-7' xtargets=';1 2 3 4 5 6 7' status='man'/>
<link type='0-1' xtargets=';8' status='man'/>
<link type='1-1' xtargets='1;9' status='man'/>
<link type='1-1' xtargets='2;10' status='man'/>
<link type='1-1' xtargets='3;11' status='man'/>
<link type='1-1' xtargets='4;12' status='man'/>
<link type='1-1' xtargets='5;13' status='man'/>
<link type='1-1' xtargets='6;14' status='man'/>
<link type='1-1' xtargets='7;15' status='man'/>
<link type='1-1' xtargets='8;16' status='man'/>
<link type='1-1' xtargets='9;17' status='man'/>
<link type='1-1' xtargets='10;18' status='man'/>
<link type='1-1' xtargets='11;19' status='man'/>
<link type='1-1' xtargets='12;20' status='man'/>
<link type='1-1' xtargets='13;21' status='man'/>
<link type='1-1' xtargets='14;22' status='man'/>
<link type='1-1' xtargets='15;23' status='man'/>
<link type='1-1' xtargets='16;24' status='man'/>
<link type='1-1' xtargets='17;25' status='man'/>
<link type='1-1' xtargets='18;26' status='man'/>
<link type='1-1' xtargets='19;27' status='man'/>
<link type='1-1' xtargets='20;28' status='man'/>
<link type='1-1' xtargets='21;29' status='man'/>
<link type='1-1' xtargets='22;30' status='man'/>
<link type='1-1' xtargets='23;31' status='man'/>
<link type='1-1' xtargets='24;32' status='man'/>
<link type='1-1' xtargets='25;33' status='man'/>
<link type='2-2' xtargets='26 27;34 35' status='man'/>
<link type='1-1' xtargets='28;36' status='man'/>
<link type='1-1' xtargets='29;37' status='man'/>
<link type='1-1' xtargets='30;38' status='man'/>
<link type='2-1' xtargets='31 32;39' status='man'/>
<link type='1-1' xtargets='33;40' status='man'/>
<link type='1-1' xtargets='34;41' status='man'/>
<link type='1-1' xtargets='35;42' status='man'/>
<link type='1-1' xtargets='36;43' status='man'/>
<link type='1-1' xtargets='37;44' status='man'/>
<link type='1-1' xtargets='38;45' status='man'/>
<link type='1-1' xtargets='39;46' status='man'/>
<link type='1-1' xtargets='40;47' status='man'/>
<link type='1-1' xtargets='41;48' status='man'/>
<link type='1-1' xtargets='42;49' status='man'/>
<link type='1-1' xtargets='43;50' status='man'/>
<link type='1-1' xtargets='44;51' status='man'/>
<link type='1-1' xtargets='45;52' status='man'/>
<link type='1-1' xtargets='46;53' status='man'/>
<link type='1-1' xtargets='47;54' status='man'/>
<link type='1-1' xtargets='48;55' status='man'/>
<link type='1-1' xtargets='49;56' status='man'/>
<link type='1-1' xtargets='50;57' status='man'/>
<link type='1-1' xtargets='51;58' status='man'/>
<link type='1-1' xtargets='52;59' status='man'/>
<link type='1-1' xtargets='53;60' status='man'/>
<link type='1-1' xtargets='54;61' status='man'/>
<link type='1-1' xtargets='55;62' status='man'/>
<link type='1-1' xtargets='56;63' status='man'/>
<link type='1-1' xtargets='57;64' status='man'/>
<link type='1-1' xtargets='58;65' status='man'/>
<link type='1-1' xtargets='59;66' status='man'/>
<link type='1-1' xtargets='60;67' status='man'/>
<link type='1-1' xtargets='61;68' status='man'/>
<link type='1-1' xtargets='62;69' status='man'/>
<link type='1-1' xtargets='63;70' status='man'/>
<link type='1-1' xtargets='64;71' status='man'/>
<link type='1-1' xtargets='65;72' status='man'/>
<link type='1-1' xtargets='66;73' status='man'/>
<link type='1-1' xtargets='67;74' status='man'/>
<link type='1-1' xtargets='68;75' status='man'/>
<link type='1-1' xtargets='69;76' status='man'/>
<link type='1-1' xtargets='70;77' status='man'/>
<link type='1-1' xtargets='71;78' status='man'/>
<link type='1-1' xtargets='72;79' status='man'/>
<link type='1-1' xtargets='73;80' status='man'/>
<link type='1-1' xtargets='74;81' status='man'/>
<link type='1-1' xtargets='75;82' status='man'/>
<link type='1-1' xtargets='76;83' status='man'/>
<link type='1-1' xtargets='77;84' status='man'/>
<link type='1-1' xtargets='78;85' status='man'/>
<link type='1-1' xtargets='79;86' status='man'/>
<link type='1-1' xtargets='80;87' status='man'/>
<link type='1-1' xtargets='81;88' status='man'/>
<link type='1-1' xtargets='82;89' status='man'/>
<link type='1-1' xtargets='83;90' status='man'/>
<link type='1-1' xtargets='84;91' status='man'/>
<link type='1-1' xtargets='85;92' status='man'/>
<link type='1-1' xtargets='86;93' status='man'/>
<link type='1-1' xtargets='87;94' status='man'/>
<link type='1-1' xtargets='88;95' status='man'/>
<link type='1-1' xtargets='89;96' status='man'/>
<link type='1-1' xtargets='90;97' status='man'/>
<link type='1-1' xtargets='91;98' status='man'/>
<link type='1-1' xtargets='92;99' status='man'/>
<link type='1-1' xtargets='93;100' status='man'/>
<link type='2-2' xtargets='94 95;101 102' status='man'/>
<link type='2-1' xtargets='96 97;103' status='man'/>
<link type='1-1' xtargets='98;104' status='man'/>
<link type='1-1' xtargets='99;105' status='man'/>
<link type='1-1' xtargets='100;106' status='man'/>
<link type='1-1' xtargets='101;107' status='man'/>
<link type='1-1' xtargets='102;108' status='man'/>
<link type='0-1' xtargets=';109' status='man'/>
<link type='0-1' xtargets=';110' status='man'/>
<link type='0-1' xtargets=';111' status='man'/>
<link type='0-7' xtargets=';112 113 114 115 116 117 118' status='man'/>
<link type='1-1' xtargets='103;119' status='man'/>
<link type='1-1' xtargets='104;120' status='man'/>
<link type='1-1' xtargets='105;121' status='man'/>
<link type='1-1' xtargets='106;122' status='man'/>
<link type='1-1' xtargets='107;123' status='man'/>
<link type='1-2' xtargets='108;124 125' status='man'/>
<link type='1-1' xtargets='109;126' status='man'/>
<link type='1-1' xtargets='110;127' status='man'/>
<link type='1-1' xtargets='111;128' status='man'/>
<link type='1-1' xtargets='112;129' status='man'/>
<link type='1-1' xtargets='113;130' status='man'/>
<link type='1-1' xtargets='114;131' status='man'/>
<link type='1-1' xtargets='115;132' status='man'/>
<link type='1-1' xtargets='116;133' status='man'/>
<link type='1-1' xtargets='117;134' status='man'/>
<link type='1-1' xtargets='118;135' status='man'/>
<link type='1-1' xtargets='119;136' status='man'/>
<link type='1-1' xtargets='120;137' status='man'/>
<link type='1-1' xtargets='121;138' status='man'/>
<link type='1-1' xtargets='122;139' status='man'/>
<link type='1-1' xtargets='123;140' status='man'/>
<link type='1-1' xtargets='124;141' status='man'/>
<link type='1-1' xtargets='125;142' status='man'/>
<link type='0-1' xtargets=';143' status='man'/>
<link type='0-1' xtargets=';144' status='man'/>
<link type='0-2' xtargets=';145 146' status='man'/>
<link type='0-1' xtargets=';147' status='man'/>
<link type='0-2' xtargets=';148 149' status='man'/>
<link type='0-1' xtargets=';150' status='man'/>
<link type='0-1' xtargets=';151' status='man'/>
<link type='0-1' xtargets=';152' status='man'/>
<link type='0-1' xtargets=';153' status='man'/>
<link type='0-1' xtargets=';154' status='man'/>
<link type='0-2' xtargets=';155 156' status='man'/>
<link type='0-1' xtargets=';157' status='man'/>
<link type='1-1' xtargets='126;158' status='man'/>
<link type='1-1' xtargets='127;159' status='man'/>
<link type='1-1' xtargets='128;160' status='man'/>
<link type='1-1' xtargets='129;161' status='man'/>
<link type='1-1' xtargets='130;162' status='man'/>
<link type='1-1' xtargets='131;163' status='man'/>
<link type='1-1' xtargets='132;164' status='man'/>
<link type='1-1' xtargets='133;165' status='man'/>
<link type='1-1' xtargets='134;166' status='man'/>
<link type='1-1' xtargets='135;167' status='man'/>
<link type='1-1' xtargets='136;168' status='man'/>
<link type='1-1' xtargets='137;169' status='man'/>
<link type='1-1' xtargets='138;170' status='man'/>
<link type='1-1' xtargets='139;171' status='man'/>
<link type='1-1' xtargets='140;172' status='man'/>
<link type='1-1' xtargets='141;173' status='man'/>
<link type='1-1' xtargets='142;174' status='man'/>
<link type='1-1' xtargets='143;175' status='man'/>
<link type='1-1' xtargets='144;176' status='man'/>
<link type='1-1' xtargets='145;177' status='man'/>
<link type='1-1' xtargets='146;178' status='man'/>
<link type='1-2' xtargets='147;179 180' status='man'/>
<link type='1-1' xtargets='148;181' status='man'/>
<link type='1-1' xtargets='149;182' status='man'/>
<link type='1-1' xtargets='150;183' status='man'/>
<link type='1-1' xtargets='151;184' status='man'/>
<link type='1-1' xtargets='152;185' status='man'/>
<link type='1-1' xtargets='153;186' status='man'/>
<link type='1-1' xtargets='154;187' status='man'/>
<link type='1-1' xtargets='155;188' status='man'/>
<link type='1-1' xtargets='156;189' status='man'/>
<link type='1-1' xtargets='157;190' status='man'/>
<link type='1-1' xtargets='158;191' status='man'/>
<link type='1-1' xtargets='159;192' status='man'/>
<link type='1-1' xtargets='160;193' status='man'/>
<link type='1-1' xtargets='161;194' status='man'/>
<link type='1-10' xtargets='162;195 196 197 198 199 200 201 202 203 204' status='man'/>
<link type='0-1' xtargets=';205' status='man'/>
<link type='0-1' xtargets=';206' status='man'/>
<link type='0-3' xtargets=';207 208 209' status='man'/>
<link type='1-1' xtargets='163;210' status='man'/>
<link type='1-1' xtargets='164;211' status='man'/>
<link type='1-1' xtargets='165;212' status='man'/>
<link type='1-1' xtargets='166;213' status='man'/>
<link type='1-1' xtargets='167;214' status='man'/>
<link type='1-1' xtargets='168;215' status='man'/>
<link type='1-1' xtargets='169;216' status='man'/>
<link type='1-1' xtargets='170;217' status='man'/>
<link type='1-1' xtargets='171;218' status='man'/>
<link type='1-1' xtargets='172;219' status='man'/>
<link type='1-1' xtargets='173;220' status='man'/>
<link type='1-1' xtargets='174;221' status='man'/>
<link type='1-1' xtargets='175;222' status='man'/>
<link type='1-1' xtargets='176;223' status='man'/>
<link type='1-1' xtargets='177;224' status='man'/>
<link type='1-1' xtargets='178;225' status='man'/>
<link type='1-1' xtargets='179;226' status='man'/>
<link type='1-1' xtargets='180;227' status='man'/>
<link type='1-1' xtargets='181;228' status='man'/>
<link type='1-1' xtargets='182;229' status='man'/>
<link type='0-1' xtargets=';230' status='man'/>
<link type='0-1' xtargets=';231' status='man'/>
<link type='0-1' xtargets=';232' status='man'/>
<link type='0-1' xtargets=';233' status='man'/>
<link type='0-1' xtargets=';234' status='man'/>
<link type='0-1' xtargets=';235' status='man'/>
<link type='0-1' xtargets=';236' status='man'/>
<link type='0-1' xtargets=';237' status='man'/>
<link type='0-1' xtargets=';238' status='man'/>
<link type='0-3' xtargets=';239 240 241' status='man'/>
<link type='0-1' xtargets=';242' status='man'/>
<link type='0-1' xtargets=';243' status='man'/>
<link type='0-1' xtargets=';244' status='man'/>
<link type='1-1' xtargets='183;245' status='man'/>
<link type='0-1' xtargets=';246' status='man'/>
<link type='0-1' xtargets=';247' status='man'/>
<link type='0-1' xtargets=';248' status='man'/>
<link type='0-1' xtargets=';249' status='man'/>
<link type='0-1' xtargets=';250' status='man'/>
<link type='0-1' xtargets=';251' status='man'/>
<link type='0-1' xtargets=';252' status='man'/>
<link type='0-1' xtargets=';253' status='man'/>
<link type='0-1' xtargets=';254' status='man'/>
<link type='0-1' xtargets=';255' status='man'/>
<link type='0-2' xtargets=';256 257' status='man'/>
<link type='1-1' xtargets='184;258' status='man'/>
<link type='1-1' xtargets='185;259' status='man'/>
<link type='1-1' xtargets='186;260' status='man'/>
<link type='1-1' xtargets='187;261' status='man'/>
<link type='1-1' xtargets='188;262' status='man'/>
<link type='1-1' xtargets='189;263' status='man'/>
<link type='1-1' xtargets='190;264' status='man'/>
<link type='1-1' xtargets='191;265' status='man'/>
<link type='1-1' xtargets='192;266' status='man'/>
<link type='1-1' xtargets='193;267' status='man'/>
<link type='1-1' xtargets='194;268' status='man'/>
<link type='1-1' xtargets='195;269' status='man'/>
<link type='1-1' xtargets='196;270' status='man'/>
<link type='1-1' xtargets='197;271' status='man'/>
<link type='1-1' xtargets='198;272' status='man'/>
<link type='1-1' xtargets='199;273' status='man'/>
<link type='1-1' xtargets='200;274' status='man'/>
<link type='1-1' xtargets='201;275' status='man'/>
<link type='1-1' xtargets='202;276' status='man'/>
<link type='1-1' xtargets='203;277' status='man'/>
<link type='1-1' xtargets='204;278' status='man'/>
<link type='1-1' xtargets='205;279' status='man'/>
<link type='1-1' xtargets='206;280' status='man'/>
<link type='1-1' xtargets='207;281' status='man'/>
<link type='1-1' xtargets='208;282' status='man'/>
<link type='1-1' xtargets='209;283' status='man'/>
<link type='1-1' xtargets='210;284' status='man'/>
<link type='1-1' xtargets='211;285' status='man'/>
<link type='1-1' xtargets='212;286' status='man'/>
<link type='1-1' xtargets='213;287' status='man'/>
<link type='1-1' xtargets='214;288' status='man'/>
<link type='1-1' xtargets='215;289' status='man'/>
<link type='1-1' xtargets='216;290' status='man'/>
<link type='1-1' xtargets='217;291' status='man'/>
<link type='1-1' xtargets='218;292' status='man'/>
<link type='1-1' xtargets='219;293' status='man'/>
<link type='1-1' xtargets='220;294' status='man'/>
<link type='1-1' xtargets='221;295' status='man'/>
<link type='1-1' xtargets='222;296' status='man'/>
<link type='1-1' xtargets='223;297' status='man'/>
<link type='1-1' xtargets='224;298' status='man'/>
<link type='1-1' xtargets='225;299' status='man'/>
<link type='1-1' xtargets='226;300' status='man'/>
<link type='1-1' xtargets='227;301' status='man'/>
<link type='1-1' xtargets='228;302' status='man'/>
<link type='1-1' xtargets='229;303' status='man'/>
<link type='1-1' xtargets='230;304' status='man'/>
<link type='1-1' xtargets='231;305' status='man'/>
<link type='2-2' xtargets='232 233;306 307' status='man'/>
<link type='0-1' xtargets=';308' status='man'/>
<link type='0-1' xtargets=';309' status='man'/>
<link type='0-1' xtargets=';310' status='man'/>
<link type='0-1' xtargets=';311' status='man'/>
<link type='0-1' xtargets=';312' status='man'/>
<link type='0-1' xtargets=';313' status='man'/>
<link type='0-1' xtargets=';314' status='man'/>
<link type='0-1' xtargets=';315' status='man'/>
<link type='0-1' xtargets=';316' status='man'/>
<link type='0-1' xtargets=';317' status='man'/>
<link type='0-1' xtargets=';318' status='man'/>
<link type='0-1' xtargets=';319' status='man'/>
<link type='0-1' xtargets=';320' status='man'/>
<link type='0-1' xtargets=';321' status='man'/>
<link type='0-1' xtargets=';322' status='man'/>
<link type='0-1' xtargets=';323' status='man'/>
<link type='0-5' xtargets=';324 325 326 327 328' status='man'/>
<link type='0-8' xtargets=';329 330 331 332 333 334 335 336' status='man'/>
<link type='1-1' xtargets='234;337' status='man'/>
<link type='1-1' xtargets='235;338' status='man'/>
<link type='1-1' xtargets='236;339' status='man'/>
<link type='1-1' xtargets='237;340' status='man'/>
<link type='1-1' xtargets='238;341' status='man'/>
<link type='1-1' xtargets='239;342' status='man'/>
<link type='1-1' xtargets='240;343' status='man'/>
<link type='1-1' xtargets='241;344' status='man'/>
<link type='1-1' xtargets='242;345' status='man'/>
<link type='1-1' xtargets='243;346' status='man'/>
<link type='1-1' xtargets='244;347' status='man'/>
<link type='1-1' xtargets='245;348' status='man'/>
<link type='1-1' xtargets='246;349' status='man'/>
<link type='1-1' xtargets='247;350' status='man'/>
<link type='1-1' xtargets='248;351' status='man'/>
<link type='1-1' xtargets='249;352' status='man'/>
<link type='1-1' xtargets='250;353' status='man'/>
<link type='1-1' xtargets='251;354' status='man'/>
<link type='1-1' xtargets='252;355' status='man'/>
<link type='1-1' xtargets='253;356' status='man'/>
<link type='1-1' xtargets='254;357' status='man'/>
<link type='1-1' xtargets='255;358' status='man'/>
<link type='1-1' xtargets='256;359' status='man'/>
<link type='1-1' xtargets='257;360' status='man'/>
<link type='0-1' xtargets=';361' status='man'/>
<link type='0-1' xtargets=';362' status='man'/>
<link type='0-2' xtargets=';363 364' status='man'/>
<link type='0-1' xtargets=';365' status='man'/>
<link type='0-3' xtargets=';366 367 368' status='man'/>
<link type='0-1' xtargets=';369' status='man'/>
<link type='0-1' xtargets=';370' status='man'/>
<link type='0-1' xtargets=';371' status='man'/>
<link type='0-1' xtargets=';372' status='man'/>
<link type='0-1' xtargets=';373' status='man'/>
<link type='0-1' xtargets=';374' status='man'/>
<link type='0-1' xtargets=';375' status='man'/>
<link type='1-1' xtargets='258;376' status='man'/>
<link type='1-1' xtargets='259;377' status='man'/>
<link type='1-1' xtargets='260;378' status='man'/>
<link type='1-1' xtargets='261;379' status='man'/>
<link type='1-1' xtargets='262;380' status='man'/>
<link type='1-1' xtargets='263;381' status='man'/>
<link type='1-1' xtargets='264;382' status='man'/>
<link type='1-1' xtargets='265;383' status='man'/>
<link type='0-1' xtargets=';384' status='man'/>
<link type='0-3' xtargets=';385 386 387' status='man'/>
<link type='0-2' xtargets=';388 389' status='man'/>
<link type='0-1' xtargets=';390' status='man'/>
<link type='0-1' xtargets=';391' status='man'/>
<link type='0-2' xtargets=';392 393' status='man'/>
<link type='0-2' xtargets=';394 395' status='man'/>
<link type='1-1' xtargets='266;396' status='man'/>
<link type='1-1' xtargets='267;397' status='man'/>
<link type='1-1' xtargets='268;398' status='man'/>
<link type='1-1' xtargets='269;399' status='man'/>
<link type='1-1' xtargets='270;400' status='man'/>
<link type='1-1' xtargets='271;401' status='man'/>
<link type='1-1' xtargets='272;402' status='man'/>
<link type='1-1' xtargets='273;403' status='man'/>
<link type='1-1' xtargets='274;404' status='man'/>
<link type='1-1' xtargets='275;405' status='man'/>
<link type='1-1' xtargets='276;406' status='man'/>
<link type='1-1' xtargets='277;407' status='man'/>
<link type='1-1' xtargets='278;408' status='man'/>
<link type='1-1' xtargets='279;409' status='man'/>
<link type='1-1' xtargets='280;410' status='man'/>
<link type='1-1' xtargets='281;411' status='man'/>
<link type='1-1' xtargets='282;412' status='man'/>
<link type='1-1' xtargets='283;413' status='man'/>
<link type='1-1' xtargets='284;414' status='man'/>
<link type='1-1' xtargets='285;415' status='man'/>
<link type='1-1' xtargets='286;416' status='man'/>
<link type='1-1' xtargets='287;417' status='man'/>
<link type='1-1' xtargets='288;418' status='man'/>
<link type='1-1' xtargets='289;419' status='man'/>
<link type='1-1' xtargets='290;420' status='man'/>
<link type='1-1' xtargets='291;421' status='man'/>
<link type='1-1' xtargets='292;422' status='man'/>
<link type='1-1' xtargets='293;423' status='man'/>
<link type='1-1' xtargets='294;424' status='man'/>
<link type='1-1' xtargets='295;425' status='man'/>
<link type='1-1' xtargets='296;426' status='man'/>
<link type='1-1' xtargets='297;427' status='man'/>
<link type='1-1' xtargets='298;428' status='man'/>
<link type='1-1' xtargets='299;429' status='man'/>
<link type='1-1' xtargets='300;430' status='man'/>
<link type='1-1' xtargets='301;431' status='man'/>
<link type='1-1' xtargets='302;432' status='man'/>
<link type='1-1' xtargets='303;433' status='man'/>
<link type='1-1' xtargets='304;434' status='man'/>
<link type='1-1' xtargets='305;435' status='man'/>
<link type='1-1' xtargets='306;436' status='man'/>
<link type='1-1' xtargets='307;437' status='man'/>
<link type='1-1' xtargets='308;438' status='man'/>
<link type='1-1' xtargets='309;439' status='man'/>
<link type='1-1' xtargets='310;440' status='man'/>
<link type='1-1' xtargets='311;441' status='man'/>
<link type='1-1' xtargets='312;442' status='man'/>
<link type='1-1' xtargets='313;443' status='man'/>
<link type='1-1' xtargets='314;444' status='man'/>
<link type='2-2' xtargets='315 316;445 446' status='man'/>
<link type='1-1' xtargets='317;447' status='man'/>
<link type='1-1' xtargets='318;448' status='man'/>
<link type='1-1' xtargets='319;449' status='man'/>
<link type='1-1' xtargets='320;450' status='man'/>
<link type='1-1' xtargets='321;451' status='man'/>
<link type='1-1' xtargets='322;452' status='man'/>
<link type='1-1' xtargets='323;453' status='man'/>
<link type='1-1' xtargets='324;454' status='man'/>
<link type='1-1' xtargets='325;455' status='man'/>
<link type='1-1' xtargets='326;456' status='man'/>
<link type='1-1' xtargets='327;457' status='man'/>
<link type='1-1' xtargets='328;458' status='man'/>
<link type='1-1' xtargets='329;459' status='man'/>
<link type='0-2' xtargets=';460 461' status='man'/>
<link type='0-3' xtargets=';462 463 464' status='man'/>
<link type='0-1' xtargets=';465' status='man'/>
<link type='0-2' xtargets=';466 467' status='man'/>
<link type='0-2' xtargets=';468 469' status='man'/>
<link type='0-1' xtargets=';470' status='man'/>
<link type='0-1' xtargets=';471' status='man'/>
<link type='0-3' xtargets=';472 473 474' status='man'/>
<link type='1-1' xtargets='330;475' status='man'/>
<link type='1-1' xtargets='331;476' status='man'/>
<link type='1-1' xtargets='332;477' status='man'/>
<link type='1-1' xtargets='333;478' status='man'/>
<link type='1-1' xtargets='334;479' status='man'/>
<link type='3-1' xtargets='335 336 337;480' status='man'/>
<link type='1-1' xtargets='338;481' status='man'/>
<link type='1-1' xtargets='339;482' status='man'/>
<link type='1-1' xtargets='340;483' status='man'/>
<link type='0-1' xtargets=';484' status='man'/>
<link type='0-1' xtargets=';485' status='man'/>
<link type='0-2' xtargets=';486 487' status='man'/>
<link type='0-2' xtargets=';488 489' status='man'/>
<link type='0-1' xtargets=';490' status='man'/>
<link type='0-2' xtargets=';491 492' status='man'/>
<link type='0-1' xtargets=';493' status='man'/>
<link type='0-1' xtargets=';494' status='man'/>
<link type='0-2' xtargets=';495 496' status='man'/>
<link type='0-1' xtargets=';497' status='man'/>
<link type='0-1' xtargets=';498' status='man'/>
<link type='1-1' xtargets='341;499' status='man'/>
<link type='1-1' xtargets='342;500' status='man'/>
<link type='1-1' xtargets='343;501' status='man'/>
<link type='1-1' xtargets='344;502' status='man'/>
<link type='1-1' xtargets='345;503' status='man'/>
<link type='1-1' xtargets='346;504' status='man'/>
<link type='2-2' xtargets='347 348;505 506' status='man'/>
<link type='1-1' xtargets='349;507' status='man'/>
<link type='1-1' xtargets='350;508' status='man'/>
<link type='1-1' xtargets='351;509' status='man'/>
<link type='1-1' xtargets='352;510' status='man'/>
<link type='2-2' xtargets='353 354;511 512' status='man'/>
<link type='1-1' xtargets='355;513' status='man'/>
<link type='2-2' xtargets='356 357;514 515' status='man'/>
<link type='1-1' xtargets='358;516' status='man'/>
<link type='1-1' xtargets='359;517' status='man'/>
<link type='1-1' xtargets='360;518' status='man'/>
<link type='1-1' xtargets='361;519' status='man'/>
<link type='1-1' xtargets='362;520' status='man'/>
<link type='1-1' xtargets='363;521' status='man'/>
<link type='1-1' xtargets='364;522' status='man'/>
<link type='1-1' xtargets='365;523' status='man'/>
<link type='1-1' xtargets='366;524' status='man'/>
<link type='1-1' xtargets='367;525' status='man'/>
<link type='1-1' xtargets='368;526' status='man'/>
<link type='1-1' xtargets='369;527' status='man'/>
<link type='1-1' xtargets='370;528' status='man'/>
<link type='1-1' xtargets='371;529' status='man'/>
<link type='1-1' xtargets='372;530' status='man'/>
<link type='1-1' xtargets='373;531' status='man'/>
<link type='1-1' xtargets='374;532' status='man'/>
<link type='1-1' xtargets='375;533' status='man'/>
<link type='1-1' xtargets='376;534' status='man'/>
<link type='1-1' xtargets='377;535' status='man'/>
<link type='1-1' xtargets='378;536' status='man'/>
<link type='1-1' xtargets='379;537' status='man'/>
<link type='1-1' xtargets='380;538' status='man'/>
<link type='1-1' xtargets='381;539' status='man'/>
<link type='1-1' xtargets='382;540' status='man'/>
<link type='1-1' xtargets='383;541' status='man'/>
<link type='1-1' xtargets='384;542' status='man'/>
<link type='1-1' xtargets='385;543' status='man'/>
<link type='1-1' xtargets='386;544' status='man'/>
<link type='1-1' xtargets='387;545' status='man'/>
<link type='1-1' xtargets='388;546' status='man'/>
<link type='1-1' xtargets='389;547' status='man'/>
<link type='1-1' xtargets='390;548' status='man'/>
<link type='1-1' xtargets='391;549' status='man'/>
<link type='1-1' xtargets='392;550' status='man'/>
<link type='1-1' xtargets='393;551' status='man'/>
<link type='1-1' xtargets='394;552' status='man'/>
<link type='0-1' xtargets=';553' status='man'/>
<link type='0-2' xtargets=';554 555' status='man'/>
<link type='0-1' xtargets=';556' status='man'/>
<link type='0-1' xtargets=';557' status='man'/>
<link type='0-2' xtargets=';558 559' status='man'/>
<link type='0-2' xtargets=';560 561' status='man'/>
<link type='0-1' xtargets=';562' status='man'/>
<link type='0-1' xtargets=';563' status='man'/>
<link type='1-1' xtargets='395;564' status='man'/>
<link type='1-1' xtargets='396;565' status='man'/>
<link type='1-1' xtargets='397;566' status='man'/>
<link type='1-1' xtargets='398;567' status='man'/>
<link type='1-1' xtargets='399;568' status='man'/>
<link type='1-1' xtargets='400;569' status='man'/>
<link type='1-1' xtargets='401;570' status='man'/>
<link type='1-1' xtargets='402;571' status='man'/>
<link type='1-1' xtargets='403;572' status='man'/>
<link type='1-1' xtargets='404;573' status='man'/>
<link type='1-1' xtargets='405;574' status='man'/>
<link type='1-1' xtargets='406;575' status='man'/>
<link type='1-1' xtargets='407;576' status='man'/>
<link type='0-2' xtargets=';577 578' status='man'/>
<link type='0-1' xtargets=';579' status='man'/>
<link type='0-1' xtargets=';580' status='man'/>
<link type='0-1' xtargets=';581' status='man'/>
<link type='0-1' xtargets=';582' status='man'/>
<link type='0-1' xtargets=';583' status='man'/>
<link type='0-1' xtargets=';584' status='man'/>
<link type='0-1' xtargets=';585' status='man'/>
<link type='0-1' xtargets=';586' status='man'/>
<link type='0-1' xtargets=';587' status='man'/>
<link type='0-1' xtargets=';588' status='man'/>
<link type='0-1' xtargets=';589' status='man'/>
<link type='0-1' xtargets=';590' status='man'/>
<link type='0-1' xtargets=';591' status='man'/>
<link type='0-1' xtargets=';592' status='man'/>
<link type='0-2' xtargets=';593 594' status='man'/>
<link type='1-1' xtargets='408;595' status='man'/>
<link type='1-1' xtargets='409;596' status='man'/>
<link type='1-1' xtargets='410;597' status='man'/>
<link type='1-1' xtargets='411;598' status='man'/>
<link type='1-1' xtargets='412;599' status='man'/>
<link type='1-1' xtargets='413;600' status='man'/>
<link type='2-2' xtargets='414 415;601 602' status='man'/>
<link type='1-1' xtargets='416;603' status='man'/>
<link type='1-1' xtargets='417;604' status='man'/>
<link type='1-1' xtargets='418;605' status='man'/>
<link type='1-1' xtargets='419;606' status='man'/>
<link type='1-1' xtargets='420;607' status='man'/>
<link type='1-1' xtargets='421;608' status='man'/>
<link type='1-1' xtargets='422;609' status='man'/>
<link type='1-1' xtargets='423;610' status='man'/>
<link type='1-1' xtargets='424;611' status='man'/>
<link type='1-1' xtargets='425;612' status='man'/>
<link type='1-1' xtargets='426;613' status='man'/>
<link type='2-5' xtargets='427 428;614 615 616 617 618' status='man'/>
<link type='0-9' xtargets=';619 620 621 622 623 624 625 626 627' status='man'/>
<link type='0-1' xtargets=';628' status='man'/>
<link type='1-1' xtargets='429;629' status='man'/>
<link type='1-1' xtargets='430;630' status='man'/>
<link type='1-1' xtargets='431;631' status='man'/>
<link type='1-1' xtargets='432;632' status='man'/>
<link type='1-1' xtargets='433;633' status='man'/>
<link type='2-1' xtargets='434 435;634' status='man'/>
<link type='1-1' xtargets='436;635' status='man'/>
<link type='1-1' xtargets='437;636' status='man'/>
<link type='1-1' xtargets='438;637' status='man'/>
<link type='2-1' xtargets='439 440;638' status='man'/>
<link type='1-1' xtargets='441;639' status='man'/>
<link type='1-1' xtargets='442;640' status='man'/>
<link type='1-1' xtargets='443;641' status='man'/>
<link type='1-1' xtargets='444;642' status='man'/>
<link type='1-1' xtargets='445;643' status='man'/>
<link type='1-1' xtargets='446;644' status='man'/>
<link type='1-1' xtargets='447;645' status='man'/>
<link type='1-1' xtargets='448;646' status='man'/>
<link type='1-1' xtargets='449;647' status='man'/>
<link type='1-1' xtargets='450;648' status='man'/>
<link type='1-1' xtargets='451;649' status='man'/>
<link type='1-1' xtargets='452;650' status='man'/>
<link type='1-1' xtargets='453;651' status='man'/>
<link type='1-1' xtargets='454;652' status='man'/>
<link type='1-1' xtargets='455;653' status='man'/>
<link type='1-1' xtargets='456;654' status='man'/>
<link type='1-1' xtargets='457;655' status='man'/>
<link type='1-1' xtargets='458;656' status='man'/>
<link type='1-1' xtargets='459;657' status='man'/>
<link type='0-1' xtargets=';658' status='man'/>
<link type='0-1' xtargets=';659' status='man'/>
<link type='0-2' xtargets=';660 661' status='man'/>
<link type='0-2' xtargets=';662 663' status='man'/>
<link type='0-1' xtargets=';664' status='man'/>
<link type='0-2' xtargets=';665 666' status='man'/>
<link type='0-2' xtargets=';667 668' status='man'/>
<link type='0-2' xtargets=';669 670' status='man'/>
<link type='1-1' xtargets='460;671' status='man'/>
<link type='1-1' xtargets='461;672' status='man'/>
<link type='1-1' xtargets='462;673' status='man'/>
<link type='1-1' xtargets='463;674' status='man'/>
<link type='1-1' xtargets='464;675' status='man'/>
<link type='1-1' xtargets='465;676' status='man'/>
<link type='1-1' xtargets='466;677' status='man'/>
<link type='1-1' xtargets='467;678' status='man'/>
<link type='1-1' xtargets='468;679' status='man'/>
<link type='1-1' xtargets='469;680' status='man'/>
<link type='1-1' xtargets='470;681' status='man'/>
<link type='0-1' xtargets=';682' status='man'/>
<link type='0-1' xtargets=';683' status='man'/>
<link type='0-1' xtargets=';684' status='man'/>
<link type='0-1' xtargets=';685' status='man'/>
<link type='0-1' xtargets=';686' status='man'/>
<link type='0-1' xtargets=';687' status='man'/>
<link type='0-1' xtargets=';688' status='man'/>
<link type='0-2' xtargets=';689 690' status='man'/>
<link type='1-1' xtargets='471;691' status='man'/>
<link type='1-1' xtargets='472;692' status='man'/>
<link type='1-1' xtargets='473;693' status='man'/>
<link type='1-1' xtargets='474;694' status='man'/>
<link type='1-1' xtargets='475;695' status='man'/>
<link type='1-1' xtargets='476;696' status='man'/>
<link type='1-1' xtargets='477;697' status='man'/>
<link type='1-1' xtargets='478;698' status='man'/>
<link type='1-1' xtargets='479;699' status='man'/>
<link type='1-1' xtargets='480;700' status='man'/>
<link type='1-1' xtargets='481;701' status='man'/>
<link type='1-1' xtargets='482;702' status='man'/>
<link type='1-1' xtargets='483;703' status='man'/>
<link type='1-1' xtargets='484;704' status='man'/>
<link type='1-1' xtargets='485;705' status='man'/>
<link type='0-2' xtargets=';706 707' status='man'/>
<link type='0-2' xtargets=';708 709' status='man'/>
<link type='0-2' xtargets=';710 711' status='man'/>
<link type='0-1' xtargets=';712' status='man'/>
<link type='0-1' xtargets=';713' status='man'/>
<link type='0-1' xtargets=';714' status='man'/>
<link type='0-1' xtargets=';715' status='man'/>
<link type='0-4' xtargets=';716 717 718 719' status='man'/>
<link type='0-2' xtargets=';720 721' status='man'/>
<link type='0-2' xtargets=';722 723' status='man'/>
<link type='0-1' xtargets=';724' status='man'/>
<link type='0-1' xtargets=';725' status='man'/>
<link type='0-3' xtargets=';726 727 728' status='man'/>
<link type='0-1' xtargets=';729' status='man'/>
<link type='1-1' xtargets='486;730' status='man'/>
<link type='1-1' xtargets='487;731' status='man'/>
<link type='1-1' xtargets='488;732' status='man'/>
<link type='1-1' xtargets='489;733' status='man'/>
<link type='1-1' xtargets='490;734' status='man'/>
<link type='1-1' xtargets='491;735' status='man'/>
<link type='1-1' xtargets='492;736' status='man'/>
<link type='1-1' xtargets='493;737' status='man'/>
<link type='1-1' xtargets='494;738' status='man'/>
<link type='1-1' xtargets='495;739' status='man'/>
<link type='1-1' xtargets='496;740' status='man'/>
<link type='1-1' xtargets='497;741' status='man'/>
<link type='1-1' xtargets='498;742' status='man'/>
<link type='0-1' xtargets=';743' status='man'/>
<link type='0-1' xtargets=';744' status='man'/>
<link type='0-1' xtargets=';745' status='man'/>
<link type='0-1' xtargets=';746' status='man'/>
<link type='0-1' xtargets=';747' status='man'/>
<link type='0-2' xtargets=';748 749' status='man'/>
<link type='0-1' xtargets=';750' status='man'/>
<link type='0-1' xtargets=';751' status='man'/>
<link type='0-1' xtargets=';752' status='man'/>
<link type='0-1' xtargets=';753' status='man'/>
<link type='0-1' xtargets=';754' status='man'/>
<link type='1-1' xtargets='499;755' status='man'/>
<link type='1-1' xtargets='500;756' status='man'/>
<link type='1-1' xtargets='501;757' status='man'/>
<link type='1-1' xtargets='502;758' status='man'/>
<link type='1-1' xtargets='503;759' status='man'/>
<link type='1-1' xtargets='504;760' status='man'/>
<link type='1-1' xtargets='505;761' status='man'/>
<link type='1-1' xtargets='506;762' status='man'/>
<link type='1-1' xtargets='507;763' status='man'/>
<link type='1-1' xtargets='508;764' status='man'/>
<link type='1-1' xtargets='509;765' status='man'/>
<link type='1-1' xtargets='510;766' status='man'/>
<link type='1-1' xtargets='511;767' status='man'/>
<link type='1-1' xtargets='512;768' status='man'/>
<link type='1-1' xtargets='513;769' status='man'/>
<link type='1-1' xtargets='514;770' status='man'/>
<link type='1-1' xtargets='515;771' status='man'/>
<link type='1-1' xtargets='516;772' status='man'/>
<link type='0-2' xtargets=';773 774' status='man'/>
<link type='0-1' xtargets=';775' status='man'/>
<link type='0-1' xtargets=';776' status='man'/>
<link type='0-1' xtargets=';777' status='man'/>
<link type='0-2' xtargets=';778 779' status='man'/>
<link type='0-1' xtargets=';780' status='man'/>
<link type='0-1' xtargets=';781' status='man'/>
<link type='1-1' xtargets='517;782' status='man'/>
<link type='1-1' xtargets='518;783' status='man'/>
<link type='1-1' xtargets='519;784' status='man'/>
<link type='1-1' xtargets='520;785' status='man'/>
<link type='1-1' xtargets='521;786' status='man'/>
<link type='2-2' xtargets='522 523;787 788' status='man'/>
<link type='1-1' xtargets='524;789' status='man'/>
<link type='1-1' xtargets='525;790' status='man'/>
<link type='1-1' xtargets='526;791' status='man'/>
<link type='1-1' xtargets='527;792' status='man'/>
<link type='1-1' xtargets='528;793' status='man'/>
<link type='0-1' xtargets=';794' status='man'/>
<link type='0-1' xtargets=';795' status='man'/>
<link type='0-1' xtargets=';796' status='man'/>
<link type='0-1' xtargets=';797' status='man'/>
<link type='0-4' xtargets=';798 799 800 801' status='man'/>
<link type='0-2' xtargets=';802 803' status='man'/>
<link type='1-1' xtargets='529;804' status='man'/>
<link type='1-1' xtargets='530;805' status='man'/>
<link type='1-1' xtargets='531;806' status='man'/>
<link type='1-1' xtargets='532;807' status='man'/>
<link type='1-1' xtargets='533;808' status='man'/>
<link type='1-1' xtargets='534;809' status='man'/>
<link type='1-1' xtargets='535;810' status='man'/>
<link type='1-1' xtargets='536;811' status='man'/>
<link type='1-1' xtargets='537;812' status='man'/>
<link type='1-1' xtargets='538;813' status='man'/>
<link type='1-1' xtargets='539;814' status='man'/>
<link type='1-1' xtargets='540;815' status='man'/>
<link type='1-1' xtargets='541;816' status='man'/>
<link type='1-1' xtargets='542;817' status='man'/>
<link type='1-1' xtargets='543;818' status='man'/>
<link type='1-1' xtargets='544;819' status='man'/>
<link type='1-1' xtargets='545;820' status='man'/>
<link type='1-1' xtargets='546;821' status='man'/>
<link type='1-1' xtargets='547;822' status='man'/>
<link type='1-1' xtargets='548;823' status='man'/>
<link type='1-1' xtargets='549;824' status='man'/>
<link type='1-1' xtargets='550;825' status='man'/>
<link type='1-1' xtargets='551;826' status='man'/>
<link type='1-1' xtargets='552;827' status='man'/>
<link type='1-1' xtargets='553;828' status='man'/>
<link type='1-1' xtargets='554;829' status='man'/>
<link type='1-1' xtargets='555;830' status='man'/>
<link type='1-1' xtargets='556;831' status='man'/>
<link type='1-1' xtargets='557;832' status='man'/>
<link type='1-1' xtargets='558;833' status='man'/>
<link type='1-1' xtargets='559;834' status='man'/>
<link type='1-1' xtargets='560;835' status='man'/>
<link type='1-1' xtargets='561;836' status='man'/>
<link type='1-1' xtargets='562;837' status='man'/>
<link type='1-1' xtargets='563;838' status='man'/>
<link type='1-1' xtargets='564;839' status='man'/>
<link type='1-1' xtargets='565;840' status='man'/>
<link type='1-1' xtargets='566;841' status='man'/>
<link type='1-1' xtargets='567;842' status='man'/>
<link type='1-1' xtargets='568;843' status='man'/>
<link type='1-1' xtargets='569;844' status='man'/>
<link type='1-1' xtargets='570;845' status='man'/>
<link type='1-1' xtargets='571;846' status='man'/>
<link type='1-1' xtargets='572;847' status='man'/>
<link type='1-1' xtargets='573;848' status='man'/>
<link type='1-1' xtargets='574;849' status='man'/>
<link type='1-1' xtargets='575;850' status='man'/>
<link type='1-1' xtargets='576;851' status='man'/>
<link type='1-1' xtargets='577;852' status='man'/>
<link type='1-1' xtargets='578;853' status='man'/>
<link type='1-1' xtargets='579;854' status='man'/>
<link type='1-1' xtargets='580;855' status='man'/>
<link type='1-1' xtargets='581;856' status='man'/>
<link type='1-1' xtargets='582;857' status='man'/>
<link type='0-1' xtargets=';858' status='man'/>
<link type='0-3' xtargets=';859 860 861' status='man'/>
<link type='0-20' xtargets=';862 863 864 865 866 867 868 869 870 871 872 873 874 875 876 877 878 879 880 881' status='man'/>
<link type='1-1' xtargets='583;882' status='man'/>
<link type='1-1' xtargets='584;883' status='man'/>
<link type='1-1' xtargets='585;884' status='man'/>
<link type='1-1' xtargets='586;885' status='man'/>
<link type='1-1' xtargets='587;886' status='man'/>
<link type='1-1' xtargets='588;887' status='man'/>
<link type='1-1' xtargets='589;888' status='man'/>
<link type='1-1' xtargets='590;889' status='man'/>
<link type='1-1' xtargets='591;890' status='man'/>
<link type='1-1' xtargets='592;891' status='man'/>
<link type='1-1' xtargets='593;892' status='man'/>
<link type='1-1' xtargets='594;893' status='man'/>
<link type='1-1' xtargets='595;894' status='man'/>
<link type='1-1' xtargets='596;895' status='man'/>
<link type='1-1' xtargets='597;896' status='man'/>
<link type='1-1' xtargets='598;897' status='man'/>
<link type='1-1' xtargets='599;898' status='man'/>
<link type='1-1' xtargets='600;899' status='man'/>
<link type='1-1' xtargets='601;900' status='man'/>
<link type='0-1' xtargets=';901' status='man'/>
<link type='0-1' xtargets=';902' status='man'/>
<link type='0-1' xtargets=';903' status='man'/>
<link type='0-1' xtargets=';904' status='man'/>
<link type='0-1' xtargets=';905' status='man'/>
<link type='0-2' xtargets=';906 907' status='man'/>
<link type='0-1' xtargets=';908' status='man'/>
<link type='0-1' xtargets=';909' status='man'/>
<link type='0-1' xtargets=';910' status='man'/>
<link type='0-1' xtargets=';911' status='man'/>
<link type='0-1' xtargets=';912' status='man'/>
<link type='0-2' xtargets=';913 914' status='man'/>
<link type='1-1' xtargets='602;915' status='man'/>
<link type='1-1' xtargets='603;916' status='man'/>
<link type='1-1' xtargets='604;917' status='man'/>
<link type='1-1' xtargets='605;918' status='man'/>
<link type='1-1' xtargets='606;919' status='man'/>
<link type='1-1' xtargets='607;920' status='man'/>
<link type='1-1' xtargets='608;921' status='man'/>
<link type='2-2' xtargets='609 610;922 923' status='man'/>
<link type='0-1' xtargets=';924' status='man'/>
<link type='0-1' xtargets=';925' status='man'/>
<link type='0-2' xtargets=';926 927' status='man'/>
<link type='0-2' xtargets=';928 929' status='man'/>
<link type='0-1' xtargets=';930' status='man'/>
<link type='0-1' xtargets=';931' status='man'/>
<link type='0-1' xtargets=';932' status='man'/>
<link type='0-1' xtargets=';933' status='man'/>
<link type='0-1' xtargets=';934' status='man'/>
<link type='0-2' xtargets=';935 936' status='man'/>
<link type='0-1' xtargets=';937' status='man'/>
<link type='0-2' xtargets=';938 939' status='man'/>
<link type='0-1' xtargets=';940' status='man'/>
<link type='0-1' xtargets=';941' status='man'/>
<link type='0-1' xtargets=';942' status='man'/>
<link type='0-1' xtargets=';943' status='man'/>
<link type='0-7' xtargets=';944 945 946 947 948 949 950' status='man'/>
<link type='0-1' xtargets=';951' status='man'/>
<link type='0-1' xtargets=';952' status='man'/>
<link type='0-1' xtargets=';953' status='man'/>
<link type='0-1' xtargets=';954' status='man'/>
<link type='0-1' xtargets=';955' status='man'/>
<link type='0-2' xtargets=';956 957' status='man'/>
<link type='0-1' xtargets=';958' status='man'/>
<link type='0-1' xtargets=';959' status='man'/>
<link type='0-4' xtargets=';960 961 962 963' status='man'/>
<link type='0-1' xtargets=';964' status='man'/>
<link type='0-1' xtargets=';965' status='man'/>
<link type='0-1' xtargets=';966' status='man'/>
<link type='0-2' xtargets=';967 968' status='man'/>
<link type='0-1' xtargets=';969' status='man'/>
<link type='0-1' xtargets=';970' status='man'/>
<link type='0-1' xtargets=';971' status='man'/>
<link type='0-1' xtargets=';972' status='man'/>
<link type='0-1' xtargets=';973' status='man'/>
<link type='0-1' xtargets=';974' status='man'/>
<link type='0-1' xtargets=';975' status='man'/>
<link type='0-3' xtargets=';976 977 978' status='man'/>
<link type='0-1' xtargets=';979' status='man'/>
<link type='0-1' xtargets=';980' status='man'/>
<link type='0-1' xtargets=';981' status='man'/>
<link type='0-1' xtargets=';982' status='man'/>
<link type='0-1' xtargets=';983' status='man'/>
<link type='0-2' xtargets=';984 985' status='man'/>
<link type='0-1' xtargets=';986' status='man'/>
<link type='0-1' xtargets=';987' status='man'/>
<link type='0-1' xtargets=';988' status='man'/>
<link type='0-1' xtargets=';989' status='man'/>
<link type='0-1' xtargets=';990' status='man'/>
<link type='0-2' xtargets=';991 992' status='man'/>
<link type='0-1' xtargets=';993' status='man'/>
<link type='0-1' xtargets=';994' status='man'/>
<link type='0-1' xtargets=';995' status='man'/>
<link type='0-1' xtargets=';996' status='man'/>
<link type='0-1' xtargets=';997' status='man'/>
<link type='0-1' xtargets=';998' status='man'/>
<link type='0-1' xtargets=';999' status='man'/>
<link type='0-1' xtargets=';1000' status='man'/>
<link type='0-1' xtargets=';1001' status='man'/>
<link type='0-1' xtargets=';1002' status='man'/>
<link type='0-1' xtargets=';1003' status='man'/>
<link type='0-1' xtargets=';1004' status='man'/>
<link type='0-1' xtargets=';1005' status='man'/>
<link type='0-1' xtargets=';1006' status='man'/>
<link type='0-1' xtargets=';1007' status='man'/>
<link type='0-11' xtargets=';1008 1009 1010 1011 1012 1013 1014 1015 1016 1017 1018' status='man'/>
<link type='1-1' xtargets='611;1019' status='man'/>
<link type='1-1' xtargets='612;1020' status='man'/>
<link type='1-1' xtargets='613;1021' status='man'/>
<link type='1-1' xtargets='614;1022' status='man'/>
<link type='2-1' xtargets='615 616;1023' status='man'/>
<link type='1-1' xtargets='617;1024' status='man'/>
<link type='1-1' xtargets='618;1025' status='man'/>
<link type='1-1' xtargets='619;1026' status='man'/>
<link type='1-1' xtargets='620;1027' status='man'/>
<link type='1-1' xtargets='621;1028' status='man'/>
<link type='1-1' xtargets='622;1029' status='man'/>
<link type='1-1' xtargets='623;1030' status='man'/>
<link type='1-1' xtargets='624;1031' status='man'/>
<link type='1-1' xtargets='625;1032' status='man'/>
<link type='1-2' xtargets='626;1033 1034' status='man'/>
<link type='0-1' xtargets=';1035' status='man'/>
<link type='0-1' xtargets=';1036' status='man'/>
<link type='0-1' xtargets=';1037' status='man'/>
<link type='0-1' xtargets=';1038' status='man'/>
<link type='0-2' xtargets=';1039 1040' status='man'/>
<link type='0-1' xtargets=';1041' status='man'/>
<link type='0-1' xtargets=';1042' status='man'/>
<link type='0-1' xtargets=';1043' status='man'/>
<link type='0-2' xtargets=';1044 1045' status='man'/>
<link type='1-1' xtargets='627;1046' status='man'/>
<link type='1-1' xtargets='628;1047' status='man'/>
<link type='1-1' xtargets='629;1048' status='man'/>
<link type='1-1' xtargets='630;1049' status='man'/>
<link type='1-1' xtargets='631;1050' status='man'/>
<link type='1-1' xtargets='632;1051' status='man'/>
<link type='1-1' xtargets='633;1052' status='man'/>
<link type='1-1' xtargets='634;1053' status='man'/>
<link type='1-1' xtargets='635;1054' status='man'/>
<link type='1-1' xtargets='636;1055' status='man'/>
<link type='1-1' xtargets='637;1056' status='man'/>
<link type='1-1' xtargets='638;1057' status='man'/>
<link type='1-1' xtargets='639;1058' status='man'/>
<link type='1-1' xtargets='640;1059' status='man'/>
<link type='1-1' xtargets='641;1060' status='man'/>
<link type='1-1' xtargets='642;1061' status='man'/>
<link type='1-2' xtargets='643;1062 1063' status='man'/>
<link type='0-1' xtargets=';1064' status='man'/>
<link type='0-1' xtargets=';1065' status='man'/>
<link type='0-3' xtargets=';1066 1067 1068' status='man'/>
<link type='0-1' xtargets=';1069' status='man'/>
<link type='0-2' xtargets=';1070 1071' status='man'/>
<link type='1-1' xtargets='644;1072' status='man'/>
<link type='1-1' xtargets='645;1073' status='man'/>
<link type='1-1' xtargets='646;1074' status='man'/>
<link type='1-1' xtargets='647;1075' status='man'/>
<link type='1-1' xtargets='648;1076' status='man'/>
<link type='1-1' xtargets='649;1077' status='man'/>
<link type='1-1' xtargets='650;1078' status='man'/>
<link type='1-1' xtargets='651;1079' status='man'/>
<link type='1-1' xtargets='652;1080' status='man'/>
<link type='1-1' xtargets='653;1081' status='man'/>
<link type='1-1' xtargets='654;1082' status='man'/>
<link type='1-1' xtargets='655;1083' status='man'/>
<link type='1-1' xtargets='656;1084' status='man'/>
<link type='1-1' xtargets='657;1085' status='man'/>
<link type='1-1' xtargets='658;1086' status='man'/>
<link type='1-1' xtargets='659;1087' status='man'/>
<link type='1-1' xtargets='660;1088' status='man'/>
<link type='1-1' xtargets='661;1089' status='man'/>
<link type='1-1' xtargets='662;1090' status='man'/>
<link type='1-1' xtargets='663;1091' status='man'/>
<link type='1-1' xtargets='664;1092' status='man'/>
<link type='1-1' xtargets='665;1093' status='man'/>
<link type='1-1' xtargets='666;1094' status='man'/>
<link type='1-1' xtargets='667;1095' status='man'/>
<link type='1-1' xtargets='668;1096' status='man'/>
<link type='1-1' xtargets='669;1097' status='man'/>
<link type='1-1' xtargets='670;1098' status='man'/>
<link type='1-1' xtargets='671;1099' status='man'/>
<link type='1-1' xtargets='672;1100' status='man'/>
<link type='1-1' xtargets='673;1101' status='man'/>
<link type='1-1' xtargets='674;1102' status='man'/>
<link type='1-1' xtargets='675;1103' status='man'/>
<link type='1-1' xtargets='676;1104' status='man'/>
<link type='1-1' xtargets='677;1105' status='man'/>
<link type='1-1' xtargets='678;1106' status='man'/>
<link type='1-1' xtargets='679;1107' status='man'/>
<link type='1-1' xtargets='680;1108' status='man'/>
<link type='1-1' xtargets='681;1109' status='man'/>
<link type='1-1' xtargets='682;1110' status='man'/>
<link type='1-1' xtargets='683;1111' status='man'/>
<link type='1-1' xtargets='684;1112' status='man'/>
<link type='1-1' xtargets='685;1113' status='man'/>
<link type='1-1' xtargets='686;1114' status='man'/>
<link type='1-1' xtargets='687;1115' status='man'/>
<link type='1-1' xtargets='688;1116' status='man'/>
<link type='1-1' xtargets='689;1117' status='man'/>
<link type='1-1' xtargets='690;1118' status='man'/>
<link type='1-1' xtargets='691;1119' status='man'/>
<link type='1-1' xtargets='692;1120' status='man'/>
<link type='1-1' xtargets='693;1121' status='man'/>
<link type='1-1' xtargets='694;1122' status='man'/>
<link type='1-1' xtargets='695;1123' status='man'/>
<link type='1-1' xtargets='696;1124' status='man'/>
<link type='1-1' xtargets='697;1125' status='man'/>
<link type='1-1' xtargets='698;1126' status='man'/>
<link type='1-1' xtargets='699;1127' status='man'/>
<link type='1-1' xtargets='700;1128' status='man'/>
<link type='1-1' xtargets='701;1129' status='man'/>
<link type='1-1' xtargets='702;1130' status='man'/>
<link type='1-1' xtargets='703;1131' status='man'/>
<link type='1-1' xtargets='704;1132' status='man'/>
<link type='1-1' xtargets='705;1133' status='man'/>
<link type='1-1' xtargets='706;1134' status='man'/>
<link type='1-1' xtargets='707;1135' status='man'/>
<link type='1-1' xtargets='708;1136' status='man'/>
<link type='1-1' xtargets='709;1137' status='man'/>
<link type='1-1' xtargets='710;1138' status='man'/>
<link type='1-1' xtargets='711;1139' status='man'/>
<link type='1-1' xtargets='712;1140' status='man'/>
<link type='1-1' xtargets='713;1141' status='man'/>
<link type='1-1' xtargets='714;1142' status='man'/>
<link type='1-1' xtargets='715;1143' status='man'/>
<link type='1-1' xtargets='716;1144' status='man'/>
<link type='1-1' xtargets='717;1145' status='man'/>
<link type='1-1' xtargets='718;1146' status='man'/>
<link type='1-1' xtargets='719;1147' status='man'/>
<link type='1-1' xtargets='720;1148' status='man'/>
<link type='1-1' xtargets='721;1149' status='man'/>
<link type='1-1' xtargets='722;1150' status='man'/>
<link type='1-1' xtargets='723;1151' status='man'/>
<link type='1-1' xtargets='724;1152' status='man'/>
<link type='1-1' xtargets='725;1153' status='man'/>
<link type='1-1' xtargets='726;1154' status='man'/>
<link type='1-1' xtargets='727;1155' status='man'/>
<link type='1-1' xtargets='728;1156' status='man'/>
<link type='1-1' xtargets='729;1157' status='man'/>
<link type='1-1' xtargets='730;1158' status='man'/>
<link type='1-1' xtargets='731;1159' status='man'/>
<link type='1-1' xtargets='732;1160' status='man'/>
<link type='1-1' xtargets='733;1161' status='man'/>
<link type='1-1' xtargets='734;1162' status='man'/>
<link type='1-1' xtargets='735;1163' status='man'/>
<link type='1-1' xtargets='736;1164' status='man'/>
<link type='0-1' xtargets=';1165' status='man'/>
<link type='0-1' xtargets=';1166' status='man'/>
<link type='0-1' xtargets=';1167' status='man'/>
<link type='0-1' xtargets=';1168' status='man'/>
<link type='0-1' xtargets=';1169' status='man'/>
<link type='0-3' xtargets=';1170 1171 1172' status='man'/>
<link type='0-1' xtargets=';1173' status='man'/>
<link type='0-1' xtargets=';1174' status='man'/>
<link type='1-1' xtargets='737;1175' status='man'/>
<link type='1-1' xtargets='738;1176' status='man'/>
<link type='1-1' xtargets='739;1177' status='man'/>
<link type='1-1' xtargets='740;1178' status='man'/>
<link type='1-1' xtargets='741;1179' status='man'/>
<link type='2-2' xtargets='742 743;1180 1181' status='man'/>
<link type='1-1' xtargets='744;1182' status='man'/>
<link type='2-1' xtargets='745 746;1183' status='man'/>
<link type='0-1' xtargets=';1184' status='man'/>
<link type='0-2' xtargets=';1185 1186' status='man'/>
<link type='0-6' xtargets=';1187 1188 1189 1190 1191 1192' status='man'/>
<link type='0-1' xtargets=';1193' status='man'/>
<link type='0-1' xtargets=';1194' status='man'/>
<link type='0-1' xtargets=';1195' status='man'/>
<link type='0-1' xtargets=';1196' status='man'/>
<link type='0-1' xtargets=';1197' status='man'/>
<link type='1-1' xtargets='747;1198' status='man'/>
<link type='1-1' xtargets='748;1199' status='man'/>
<link type='1-1' xtargets='749;1200' status='man'/>
<link type='1-1' xtargets='750;1201' status='man'/>
<link type='1-1' xtargets='751;1202' status='man'/>
<link type='1-1' xtargets='752;1203' status='man'/>
<link type='1-1' xtargets='753;1204' status='man'/>
<link type='1-1' xtargets='754;1205' status='man'/>
<link type='1-1' xtargets='755;1206' status='man'/>
<link type='1-1' xtargets='756;1207' status='man'/>
<link type='1-1' xtargets='757;1208' status='man'/>
<link type='1-1' xtargets='758;1209' status='man'/>
<link type='1-1' xtargets='759;1210' status='man'/>
<link type='1-1' xtargets='760;1211' status='man'/>
<link type='1-1' xtargets='761;1212' status='man'/>
<link type='1-1' xtargets='762;1213' status='man'/>
<link type='1-1' xtargets='763;1214' status='man'/>
<link type='1-1' xtargets='764;1215' status='man'/>
<link type='1-1' xtargets='765;1216' status='man'/>
<link type='1-1' xtargets='766;1217' status='man'/>
<link type='1-1' xtargets='767;1218' status='man'/>
<link type='0-2' xtargets=';1219 1220' status='man'/>
<link type='0-1' xtargets=';1221' status='man'/>
<link type='0-1' xtargets=';1222' status='man'/>
<link type='0-1' xtargets=';1223' status='man'/>
<link type='0-1' xtargets=';1224' status='man'/>
<link type='0-1' xtargets=';1225' status='man'/>
<link type='0-2' xtargets=';1226 1227' status='man'/>
<link type='0-3' xtargets=';1228 1229 1230' status='man'/>
<link type='0-1' xtargets=';1231' status='man'/>
<link type='0-1' xtargets=';1232' status='man'/>
<link type='0-1' xtargets=';1233' status='man'/>
<link type='0-1' xtargets=';1234' status='man'/>
<link type='1-1' xtargets='768;1235' status='man'/>
<link type='1-1' xtargets='769;1236' status='man'/>
<link type='1-1' xtargets='770;1237' status='man'/>
<link type='1-1' xtargets='771;1238' status='man'/>
<link type='1-1' xtargets='772;1239' status='man'/>
<link type='1-1' xtargets='773;1240' status='man'/>
<link type='1-1' xtargets='774;1241' status='man'/>
<link type='1-1' xtargets='775;1242' status='man'/>
<link type='1-1' xtargets='776;1243' status='man'/>
<link type='1-1' xtargets='777;1244' status='man'/>
<link type='1-1' xtargets='778;1245' status='man'/>
<link type='1-1' xtargets='779;1246' status='man'/>
<link type='1-1' xtargets='780;1247' status='man'/>
<link type='1-1' xtargets='781;1248' status='man'/>
<link type='1-1' xtargets='782;1249' status='man'/>
<link type='0-43' xtargets=';1250 1251 1252 1253 1254 1255 1256 1257 1258 1259 1260 1261 1262 1263 1264 1265 1266 1267 1268 1269 1270 1271 1272 1273 1274 1275 1276 1277 1278 1279 1280 1281 1282 1283 1284 1285 1286 1287 1288 1289 1290 1291 1292' status='man'/>
<link type='1-1' xtargets='783;1293' status='man'/>
<link type='1-1' xtargets='784;1294' status='man'/>
<link type='1-1' xtargets='785;1295' status='man'/>
<link type='1-1' xtargets='786;1296' status='man'/>
<link type='1-1' xtargets='787;1297' status='man'/>
<link type='1-1' xtargets='788;1298' status='man'/>
<link type='1-1' xtargets='789;1299' status='man'/>
<link type='1-1' xtargets='790;1300' status='man'/>
<link type='1-1' xtargets='791;1301' status='man'/>
<link type='1-1' xtargets='792;1302' status='man'/>
<link type='1-1' xtargets='793;1303' status='man'/>
<link type='1-1' xtargets='794;1304' status='man'/>
<link type='1-1' xtargets='795;1305' status='man'/>
<link type='1-1' xtargets='796;1306' status='man'/>
<link type='1-1' xtargets='797;1307' status='man'/>
<link type='1-1' xtargets='798;1308' status='man'/>
<link type='1-1' xtargets='799;1309' status='man'/>
<link type='1-1' xtargets='800;1310' status='man'/>
<link type='1-1' xtargets='801;1311' status='man'/>
<link type='1-1' xtargets='802;1312' status='man'/>
<link type='1-1' xtargets='803;1313' status='man'/>
<link type='1-1' xtargets='804;1314' status='man'/>
<link type='1-1' xtargets='805;1315' status='man'/>
<link type='1-1' xtargets='806;1316' status='man'/>
<link type='1-1' xtargets='807;1317' status='man'/>
<link type='1-1' xtargets='808;1318' status='man'/>
<link type='1-1' xtargets='809;1319' status='man'/>
<link type='1-1' xtargets='810;1320' status='man'/>
<link type='1-1' xtargets='811;1321' status='man'/>
<link type='1-1' xtargets='812;1322' status='man'/>
<link type='1-1' xtargets='813;1323' status='man'/>
<link type='1-1' xtargets='814;1324' status='man'/>
<link type='1-1' xtargets='815;1325' status='man'/>
<link type='0-1' xtargets=';1326' status='man'/>
<link type='0-1' xtargets=';1327' status='man'/>
<link type='0-1' xtargets=';1328' status='man'/>
<link type='0-1' xtargets=';1329' status='man'/>
<link type='0-1' xtargets=';1330' status='man'/>
<link type='0-1' xtargets=';1331' status='man'/>
<link type='0-1' xtargets=';1332' status='man'/>
<link type='0-1' xtargets=';1333' status='man'/>
<link type='0-1' xtargets=';1334' status='man'/>
<link type='0-1' xtargets=';1335' status='man'/>
<link type='0-1' xtargets=';1336' status='man'/>
<link type='0-1' xtargets=';1337' status='man'/>
<link type='0-1' xtargets=';1338' status='man'/>
<link type='0-1' xtargets=';1339' status='man'/>
<link type='0-1' xtargets=';1340' status='man'/>
<link type='0-1' xtargets=';1341' status='man'/>
<link type='0-7' xtargets=';1342 1343 1344 1345 1346 1347 1348' status='man'/>
<link type='0-1' xtargets=';1349' status='man'/>
<link type='0-1' xtargets=';1350' status='man'/>
<link type='0-1' xtargets=';1351' status='man'/>
<link type='0-1' xtargets=';1352' status='man'/>
<link type='0-1' xtargets=';1353' status='man'/>
<link type='0-1' xtargets=';1354' status='man'/>
<link type='0-1' xtargets=';1355' status='man'/>
<link type='0-1' xtargets=';1356' status='man'/>
<link type='0-1' xtargets=';1357' status='man'/>
<link type='0-1' xtargets=';1358' status='man'/>
<link type='0-1' xtargets=';1359' status='man'/>
<link type='0-1' xtargets=';1360' status='man'/>
<link type='0-1' xtargets=';1361' status='man'/>
<link type='0-2' xtargets=';1362 1363' status='man'/>
<link type='0-1' xtargets=';1364' status='man'/>
<link type='0-1' xtargets=';1365' status='man'/>
<link type='0-1' xtargets=';1366' status='man'/>
<link type='0-2' xtargets=';1367 1368' status='man'/>
<link type='1-1' xtargets='816;1369' status='man'/>
<link type='1-1' xtargets='817;1370' status='man'/>
<link type='1-1' xtargets='818;1371' status='man'/>
<link type='0-3' xtargets=';1372 1373 1374' status='man'/>
<link type='0-2' xtargets=';1375 1376' status='man'/>
<link type='0-1' xtargets=';1377' status='man'/>
<link type='0-3' xtargets=';1378 1379 1380' status='man'/>
<link type='0-2' xtargets=';1381 1382' status='man'/>
<link type='0-1' xtargets=';1383' status='man'/>
<link type='1-2' xtargets='819;1384 1385' status='man'/>
<link type='1-1' xtargets='820;1386' status='man'/>
<link type='1-1' xtargets='821;1387' status='man'/>
<link type='1-1' xtargets='822;1388' status='man'/>
<link type='1-1' xtargets='823;1389' status='man'/>
<link type='1-1' xtargets='824;1390' status='man'/>
<link type='1-1' xtargets='825;1391' status='man'/>
<link type='1-1' xtargets='826;1392' status='man'/>
<link type='1-1' xtargets='827;1393' status='man'/>
<link type='1-1' xtargets='828;1394' status='man'/>
<link type='1-1' xtargets='829;1395' status='man'/>
<link type='1-1' xtargets='830;1396' status='man'/>
<link type='1-1' xtargets='831;1397' status='man'/>
<link type='1-1' xtargets='832;1398' status='man'/>
<link type='1-1' xtargets='833;1399' status='man'/>
<link type='1-1' xtargets='834;1400' status='man'/>
<link type='1-1' xtargets='835;1401' status='man'/>
<link type='1-1' xtargets='836;1402' status='man'/>
<link type='1-1' xtargets='837;1403' status='man'/>
<link type='1-1' xtargets='838;1404' status='man'/>
<link type='1-1' xtargets='839;1405' status='man'/>
<link type='1-1' xtargets='840;1406' status='man'/>
<link type='1-1' xtargets='841;1407' status='man'/>
<link type='1-1' xtargets='842;1408' status='man'/>
<link type='1-1' xtargets='843;1409' status='man'/>
<link type='1-1' xtargets='844;1410' status='man'/>
<link type='1-1' xtargets='845;1411' status='man'/>
<link type='1-1' xtargets='846;1412' status='man'/>
<link type='1-1' xtargets='847;1413' status='man'/>
<link type='1-1' xtargets='848;1414' status='man'/>
<link type='1-1' xtargets='849;1415' status='man'/>
<link type='1-1' xtargets='850;1416' status='man'/>
<link type='1-1' xtargets='851;1417' status='man'/>
<link type='1-1' xtargets='852;1418' status='man'/>
<link type='1-1' xtargets='853;1419' status='man'/>
<link type='1-1' xtargets='854;1420' status='man'/>
<link type='1-1' xtargets='855;1421' status='man'/>
<link type='1-1' xtargets='856;1422' status='man'/>
<link type='1-1' xtargets='857;1423' status='man'/>
<link type='1-1' xtargets='858;1424' status='man'/>
<link type='1-1' xtargets='859;1425' status='man'/>
<link type='1-1' xtargets='860;1426' status='man'/>
<link type='1-1' xtargets='861;1427' status='man'/>
<link type='1-1' xtargets='862;1428' status='man'/>
<link type='1-1' xtargets='863;1429' status='man'/>
<link type='1-1' xtargets='864;1430' status='man'/>
<link type='1-1' xtargets='865;1431' status='man'/>
<link type='1-1' xtargets='866;1432' status='man'/>
<link type='1-1' xtargets='867;1433' status='man'/>
<link type='1-1' xtargets='868;1434' status='man'/>
<link type='1-1' xtargets='869;1435' status='man'/>
<link type='1-1' xtargets='870;1436' status='man'/>
<link type='1-1' xtargets='871;1437' status='man'/>
<link type='1-1' xtargets='872;1438' status='man'/>
<link type='1-1' xtargets='873;1439' status='man'/>
<link type='1-1' xtargets='874;1440' status='man'/>
<link type='1-1' xtargets='875;1441' status='man'/>
<link type='1-1' xtargets='876;1442' status='man'/>
<link type='1-1' xtargets='877;1443' status='man'/>
<link type='1-1' xtargets='878;1444' status='man'/>
<link type='1-1' xtargets='879;1445' status='man'/>
<link type='1-1' xtargets='880;1446' status='man'/>
<link type='1-1' xtargets='881;1447' status='man'/>
<link type='1-1' xtargets='882;1448' status='man'/>
<link type='1-1' xtargets='883;1449' status='man'/>
<link type='1-1' xtargets='884;1450' status='man'/>
<link type='1-1' xtargets='885;1451' status='man'/>
<link type='1-1' xtargets='886;1452' status='man'/>
<link type='1-1' xtargets='887;1453' status='man'/>
<link type='1-2' xtargets='888;1454 1455' status='man'/>
<link type='0-1' xtargets=';1456' status='man'/>
<link type='0-3' xtargets=';1457 1458 1459' status='man'/>
<link type='0-1' xtargets=';1460' status='man'/>
<link type='0-1' xtargets=';1461' status='man'/>
<link type='0-1' xtargets=';1462' status='man'/>
<link type='0-1' xtargets=';1463' status='man'/>
<link type='0-1' xtargets=';1464' status='man'/>
<link type='1-1' xtargets='889;1465' status='man'/>
<link type='1-1' xtargets='890;1466' status='man'/>
<link type='1-1' xtargets='891;1467' status='man'/>
<link type='1-1' xtargets='892;1468' status='man'/>
<link type='1-1' xtargets='893;1469' status='man'/>
<link type='1-1' xtargets='894;1470' status='man'/>
<link type='1-1' xtargets='895;1471' status='man'/>
<link type='1-1' xtargets='896;1472' status='man'/>
<link type='1-1' xtargets='897;1473' status='man'/>
<link type='1-1' xtargets='898;1474' status='man'/>
<link type='1-1' xtargets='899;1475' status='man'/>
<link type='2-2' xtargets='900 901;1476 1477' status='man'/>
<link type='1-1' xtargets='902;1478' status='man'/>
<link type='1-1' xtargets='903;1479' status='man'/>
<link type='1-1' xtargets='904;1480' status='man'/>
<link type='1-1' xtargets='905;1481' status='man'/>
<link type='1-2' xtargets='906;1482 1483' status='man'/>
<link type='0-3' xtargets=';1484 1485 1486' status='man'/>
<link type='0-1' xtargets=';1487' status='man'/>
<link type='0-1' xtargets=';1488' status='man'/>
<link type='0-1' xtargets=';1489' status='man'/>
<link type='0-1' xtargets=';1490' status='man'/>
<link type='0-1' xtargets=';1491' status='man'/>
<link type='0-2' xtargets=';1492 1493' status='man'/>
<link type='0-3' xtargets=';1494 1495 1496' status='man'/>
<link type='0-1' xtargets=';1497' status='man'/>
<link type='1-1' xtargets='907;1498' status='man'/>
<link type='1-1' xtargets='908;1499' status='man'/>
<link type='1-1' xtargets='909;1500' status='man'/>
<link type='1-1' xtargets='910;1501' status='man'/>
<link type='1-1' xtargets='911;1502' status='man'/>
<link type='1-1' xtargets='912;1503' status='man'/>
<link type='1-1' xtargets='913;1504' status='man'/>
<link type='1-1' xtargets='914;1505' status='man'/>
<link type='2-2' xtargets='915 916;1506 1507' status='man'/>
<link type='1-1' xtargets='917;1508' status='man'/>
<link type='1-1' xtargets='918;1509' status='man'/>
<link type='1-1' xtargets='919;1510' status='man'/>
<link type='1-1' xtargets='920;1511' status='man'/>
<link type='1-1' xtargets='921;1512' status='man'/>
<link type='1-1' xtargets='922;1513' status='man'/>
<link type='1-1' xtargets='923;1514' status='man'/>
<link type='1-1' xtargets='924;1515' status='man'/>
<link type='2-2' xtargets='925 926;1516 1517' status='man'/>
<link type='1-1' xtargets='927;1518' status='man'/>
<link type='0-1' xtargets=';1519' status='man'/>
<link type='0-1' xtargets=';1520' status='man'/>
<link type='0-1' xtargets=';1521' status='man'/>
<link type='0-4' xtargets=';1522 1523 1524 1525' status='man'/>
<link type='0-1' xtargets=';1526' status='man'/>
<link type='0-1' xtargets=';1527' status='man'/>
<link type='0-1' xtargets=';1528' status='man'/>
<link type='0-2' xtargets=';1529 1530' status='man'/>
<link type='0-1' xtargets=';1531' status='man'/>
<link type='0-1' xtargets=';1532' status='man'/>
<link type='0-1' xtargets=';1533' status='man'/>
<link type='0-2' xtargets=';1534 1535' status='man'/>
<link type='0-4' xtargets=';1536 1537 1538 1539' status='man'/>
<link type='0-2' xtargets=';1540 1541' status='man'/>
<link type='0-1' xtargets=';1542' status='man'/>
<link type='0-1' xtargets=';1543' status='man'/>
<link type='0-1' xtargets=';1544' status='man'/>
<link type='0-1' xtargets=';1545' status='man'/>
<link type='0-1' xtargets=';1546' status='man'/>
<link type='0-2' xtargets=';1547 1548' status='man'/>
<link type='0-1' xtargets=';1549' status='man'/>
<link type='0-1' xtargets=';1550' status='man'/>
<link type='0-3' xtargets=';1551 1552 1553' status='man'/>
<link type='0-1' xtargets=';1554' status='man'/>
<link type='0-1' xtargets=';1555' status='man'/>
<link type='0-1' xtargets=';1556' status='man'/>
<link type='0-1' xtargets=';1557' status='man'/>
<link type='0-2' xtargets=';1558 1559' status='man'/>
<link type='0-1' xtargets=';1560' status='man'/>
<link type='0-2' xtargets=';1561 1562' status='man'/>
<link type='1-1' xtargets='928;1563' status='man'/>
<link type='1-1' xtargets='929;1564' status='man'/>
<link type='1-1' xtargets='930;1565' status='man'/>
<link type='1-1' xtargets='931;1566' status='man'/>
<link type='1-1' xtargets='932;1567' status='man'/>
<link type='1-1' xtargets='933;1568' status='man'/>
<link type='1-1' xtargets='934;1569' status='man'/>
<link type='1-1' xtargets='935;1570' status='man'/>
<link type='1-1' xtargets='936;1571' status='man'/>
<link type='1-1' xtargets='937;1572' status='man'/>
<link type='1-1' xtargets='938;1573' status='man'/>
<link type='1-1' xtargets='939;1574' status='man'/>
<link type='1-1' xtargets='940;1575' status='man'/>
<link type='1-1' xtargets='941;1576' status='man'/>
<link type='1-1' xtargets='942;1577' status='man'/>
<link type='1-1' xtargets='943;1578' status='man'/>
<link type='1-1' xtargets='944;1579' status='man'/>
<link type='1-1' xtargets='945;1580' status='man'/>
<link type='1-1' xtargets='946;1581' status='man'/>
<link type='1-1' xtargets='947;1582' status='man'/>
<link type='1-1' xtargets='948;1583' status='man'/>
<link type='1-1' xtargets='949;1584' status='man'/>
<link type='1-1' xtargets='950;1585' status='man'/>
<link type='1-1' xtargets='951;1586' status='man'/>
<link type='1-1' xtargets='952;1587' status='man'/>
<link type='1-1' xtargets='953;1588' status='man'/>
<link type='1-1' xtargets='954;1589' status='man'/>
<link type='1-1' xtargets='955;1590' status='man'/>
<link type='1-1' xtargets='956;1591' status='man'/>
</linkGrp>
